id,local_id,nameWithOwner,url,createdAt,stars,releases,age
MDEwOlJlcG9zaXRvcnkyMDY0NjI3NzY=,234852f2-096d-4faa-a18f-44954f68ab93,GrowingGit/GitHub-Chinese-Top-Charts,https://github.com/GrowingGit/GitHub-Chinese-Top-Charts,2019-09-05T03:01:56Z,65365,0,4.038356164383561
MDEwOlJlcG9zaXRvcnkxMTQ4NzUz,2767e709-d682-4ef0-bdb0-273d0b13c44d,spring-projects/spring-framework,https://github.com/spring-projects/spring-framework,2010-12-08T04:04:45Z,53155,268,12.786301369863011
MDEwOlJlcG9zaXRvcnk4OTIyNzU=,82771a58-e655-4d21-a039-d6ea3d0099f5,square/retrofit,https://github.com/square/retrofit,2010-09-06T21:39:43Z,41984,0,13.04109589041096
MDEwOlJlcG9zaXRvcnk0NzEwOTIw,0b752b6f-d45d-4760-b3aa-3c2d97c6c360,apache/dubbo,https://github.com/apache/dubbo,2012-06-19T07:56:02Z,39376,88,11.254794520547945
MDEwOlJlcG9zaXRvcnkxNTkxNTI5MDQ=,e9ca05be-c781-4070-a70d-cabbc71c812d,jeecgboot/jeecg-boot,https://github.com/jeecgboot/jeecg-boot,2018-11-26T10:40:00Z,35853,29,4.813698630136987
MDEwOlJlcG9zaXRvcnkxNDY2MzM1ODk=,586dda95-28e0-45c3-84d3-221db1064c1d,alibaba/arthas,https://github.com/alibaba/arthas,2018-08-29T17:15:57Z,33342,51,5.057534246575343
MDEwOlJlcG9zaXRvcnkyNjc3NzU2Mjk=,187fceaa-f2e6-4864-84a2-4ace1e2e2937,geekxh/hello-algorithm,https://github.com/geekxh/hello-algorithm,2020-05-29T05:47:09Z,33023,0,3.306849315068493
MDEwOlJlcG9zaXRvcnk0NDgwNDIxNg==,f6f82425-cfe5-4814-b630-a9b15c47a0ca,termux/termux-app,https://github.com/termux/termux-app,2015-10-23T09:42:46Z,24685,89,7.909589041095891
MDEwOlJlcG9zaXRvcnk1MzczNTUx,81a3622a-72cc-4200-90de-a5561392317e,libgdx/libgdx,https://github.com/libgdx/libgdx,2012-08-10T19:34:38Z,21936,10,11.112328767123287
MDEwOlJlcG9zaXRvcnkzMzIzNTc2OTg=,b3e77f40-6967-48a6-8209-81d9e2c18866,YunaiV/ruoyi-vue-pro,https://github.com/YunaiV/ruoyi-vue-pro,2021-01-24T03:18:25Z,19858,20,2.649315068493151
MDEwOlJlcG9zaXRvcnk3NTE2NDgyMw==,d9b794d5-2871-460c-a027-81da0be27eb5,apache/rocketmq,https://github.com/apache/rocketmq,2016-11-30T08:00:08Z,19799,15,6.802739726027397
MDEwOlJlcG9zaXRvcnk4MjA1NjAy,39fc94b2-25bb-4286-958f-636b34690f9b,mybatis/mybatis-3,https://github.com/mybatis/mybatis-3,2013-02-14T19:03:32Z,18913,40,10.597260273972603
MDEwOlJlcG9zaXRvcnk2NzQ4MTk4Ng==,5de8f318-decf-4566-a799-618cf2dfec35,Tencent/tinker,https://github.com/Tencent/tinker,2016-09-06T06:57:52Z,16873,54,7.035616438356165
MDEwOlJlcG9zaXRvcnkyODYyMjkw,b983ecef-2fd9-49b0-be44-efbb10c18414,nostra13/Android-Universal-Image-Loader,https://github.com/nostra13/Android-Universal-Image-Loader,2011-11-27T18:48:23Z,16810,0,11.816438356164385
MDEwOlJlcG9zaXRvcnk2OTk1MzQ0NQ==,b78641b3-e1c4-48ce-a575-471eb0da7e65,shuzheng/zheng,https://github.com/shuzheng/zheng,2016-10-04T10:07:06Z,16549,0,6.958904109589041
MDEwOlJlcG9zaXRvcnk3NTI3NzAwMw==,87b53911-2be4-4548-8dff-9e1c8601f942,thingsboard/thingsboard,https://github.com/thingsboard/thingsboard,2016-12-01T09:33:30Z,14347,55,6.8
MDEwOlJlcG9zaXRvcnk2NDA1NDQ3OA==,d224c316-6e31-4085-a5ad-997d29e57a4a,Curzibn/Luban,https://github.com/Curzibn/Luban,2016-07-24T07:43:21Z,13358,6,7.156164383561644
MDEwOlJlcG9zaXRvcnkzMzUxNjQ5NjQ=,ee3bf186-e7ef-487e-a709-45f1e795e582,dataease/dataease,https://github.com/dataease/dataease,2021-02-02T04:10:21Z,12860,56,2.6246575342465754
MDEwOlJlcG9zaXRvcnk4NzU5MTMz,3e2e4a41-5330-47fa-8b62-05253734480d,Netflix/zuul,https://github.com/Netflix/zuul,2013-03-13T18:53:57Z,12857,5,10.523287671232875
MDEwOlJlcG9zaXRvcnkxODEwMTI0MDY=,6eaba73f-a3e5-49c9-81c0-aaf45ec1bc65,macrozheng/mall-learning,https://github.com/macrozheng/mall-learning,2019-04-12T13:20:31Z,12335,0,4.438356164383562
MDEwOlJlcG9zaXRvcnk1MTk4MDQx,1a9afd95-477a-46d1-8704-da4fcb00242e,Netflix/eureka,https://github.com/Netflix/eureka,2012-07-26T22:23:07Z,11986,147,11.153424657534249
MDEwOlJlcG9zaXRvcnkyMDY1MTY3Mg==,44d5740d-fdf5-4cf3-ac89-5b36d08e3580,pagehelper/Mybatis-PageHelper,https://github.com/pagehelper/Mybatis-PageHelper,2014-06-09T15:32:30Z,11828,12,9.282191780821918
MDEwOlJlcG9zaXRvcnkxNjA5OTk=,456233b3-86eb-4a18-82ee-85116cb91e6b,apache/zookeeper,https://github.com/apache/zookeeper,2009-03-27T15:41:56Z,11547,0,14.487671232876712
MDEwOlJlcG9zaXRvcnk0ODM5OTU3,d49be529-ab1b-4083-9ece-f86a48815d20,jfeinstein10/SlidingMenu,https://github.com/jfeinstein10/SlidingMenu,2012-06-30T05:14:23Z,11111,0,11.224657534246576
MDEwOlJlcG9zaXRvcnkzMTE2NzUx,dff20e38-f327-4c54-8218-459ae9f424df,androidannotations/androidannotations,https://github.com/androidannotations/androidannotations,2012-01-06T08:48:03Z,11105,0,11.706849315068494
MDEwOlJlcG9zaXRvcnkxNzMzMzU3MDY=,277ab230-35fb-43a4-ac40-e7823a102d05,apache/dolphinscheduler,https://github.com/apache/dolphinscheduler,2019-03-01T16:39:25Z,11081,48,4.553424657534246
MDEwOlJlcG9zaXRvcnk1NDc4MzQ2Mg==,7a772f41-643e-4543-a11f-a2891454e215,daniulive/SmarterStreaming,https://github.com/daniulive/SmarterStreaming,2016-03-26T14:46:02Z,10621,0,7.484931506849315
MDEwOlJlcG9zaXRvcnk0OTcxMjg0Mw==,d7d1490d-4448-4329-aa6a-9169e9689254,jeasonlzy/okhttp-OkGo,https://github.com/jeasonlzy/okhttp-OkGo,2016-01-15T10:35:24Z,10563,14,7.67945205479452
MDEwOlJlcG9zaXRvcnk3NDc1MTI=,f05b4a1e-2d42-4dbd-8b55-aac0ddd83bcd,clojure/clojure,https://github.com/clojure/clojure,2010-06-29T20:03:33Z,10123,0,13.23013698630137
MDEwOlJlcG9zaXRvcnk0ODQ0NjY4MA==,4fef7be3-f1e2-4cee-ae5c-daf3d13c55f5,googlesamples/easypermissions,https://github.com/googlesamples/easypermissions,2015-12-22T18:05:53Z,9727,12,7.745205479452054
MDEwOlJlcG9zaXRvcnk0NDg4MzA1Mw==,f7bb58d5-3672-46c5-a6ed-61f091e1536b,HarlonWang/AVLoadingIndicatorView,https://github.com/HarlonWang/AVLoadingIndicatorView,2015-10-24T20:18:33Z,9705,1,7.906849315068493
MDEwOlJlcG9zaXRvcnk2MjcyMjgxNA==,f4bbb23a-ad17-47cc-a49e-6787734071e6,asLody/VirtualApp,https://github.com/asLody/VirtualApp,2016-07-06T13:25:23Z,9495,0,7.205479452054795
MDEwOlJlcG9zaXRvcnkxMjAzNTQ4Nw==,da08b3de-a93d-4bc2-9058-d47ff5cef3ef,bilibili/DanmakuFlameMaster,https://github.com/bilibili/DanmakuFlameMaster,2013-08-11T12:18:50Z,9464,5,10.10958904109589
MDEwOlJlcG9zaXRvcnkxNjgwNzMz,9f4cabac-573c-4bb3-b7f1-1eea05464cff,java-native-access/jna,https://github.com/java-native-access/jna,2011-04-29T13:30:29Z,8004,0,12.397260273972602
MDEwOlJlcG9zaXRvcnkxNDY4MTE2OA==,7adf4597-e8c1-4bb9-a7fb-86e891557ebc,JakeWharton/hugo,https://github.com/JakeWharton/hugo,2013-11-25T09:16:40Z,7893,0,9.81917808219178
MDEwOlJlcG9zaXRvcnkxMzUyNzAyODU=,59480b5d-da09-47c3-ba4e-f5041bb4a249,vipshop/vjtools,https://github.com/vipshop/vjtools,2018-05-29T09:07:08Z,7539,9,5.30958904109589
MDEwOlJlcG9zaXRvcnk4Mzc5OTQzOQ==,fa4b3641-9cd2-4e0b-b60b-ada864e32d49,LawnchairLauncher/lawnchair,https://github.com/LawnchairLauncher/lawnchair,2017-03-03T13:12:58Z,7492,25,6.5479452054794525
MDEwOlJlcG9zaXRvcnk3MTcwMDU4,827c508e-a169-4208-b5f1-385eb17d7657,flyway/flyway,https://github.com/flyway/flyway,2012-12-14T18:43:22Z,7374,193,10.767123287671232
MDEwOlJlcG9zaXRvcnk5ODU5NjAwMQ==,ff5a97d1-9dd0-4dbc-b209-445afcb56597,Exrick/xmall,https://github.com/Exrick/xmall,2017-07-28T01:49:49Z,6990,0,6.145205479452055
MDEwOlJlcG9zaXRvcnk0OTgyMDYyNw==,211c5256-3464-4d99-89c6-56fd1ebe69b8,software-mansion/react-native-svg,https://github.com/software-mansion/react-native-svg,2016-01-17T14:29:21Z,6940,97,7.673972602739726
MDEwOlJlcG9zaXRvcnkxNTE1NTUzNA==,62a19e04-2036-4a0a-ac5e-3621dfbd7dd4,gocd/gocd,https://github.com/gocd/gocd,2013-12-13T05:26:16Z,6897,76,9.76986301369863
MDEwOlJlcG9zaXRvcnk0MDkwMzI3Ng==,7d4d350d-894f-4784-8f39-99af5997da7c,hongyangAndroid/okhttputils,https://github.com/hongyangAndroid/okhttputils,2015-08-17T14:53:29Z,6875,0,8.093150684931507
MDEwOlJlcG9zaXRvcnk0MTQ4MjI5Ng==,cf70415d-785d-4893-be27-1dfd8801dc83,DroidPluginTeam/DroidPlugin,https://github.com/DroidPluginTeam/DroidPlugin,2015-08-27T11:14:57Z,6821,2,8.065753424657535
MDEwOlJlcG9zaXRvcnk1Mzc0OTE0,e8b7083b-28aa-4bf4-ae0d-a4f28884b5d1,NanoHttpd/nanohttpd,https://github.com/NanoHttpd/nanohttpd,2012-08-10T21:52:42Z,6681,3,11.112328767123287
MDEwOlJlcG9zaXRvcnkxNDEzNTQ3MA==,d6520bc3-d8a3-4567-b6f0-139a3733b0bc,apache/storm,https://github.com/apache/storm,2013-11-05T08:00:14Z,6482,0,9.873972602739729
MDEwOlJlcG9zaXRvcnk0NDcwNDM1,db2aa950-ab25-48d6-86b2-0556d7ec48a5,mapstruct/mapstruct,https://github.com/mapstruct/mapstruct,2012-05-28T12:42:42Z,6422,28,11.315068493150685
MDEwOlJlcG9zaXRvcnk2NTc1Nzc2MQ==,26b952f2-e30a-4407-824a-c8f1e08a1174,beemdevelopment/Aegis,https://github.com/beemdevelopment/Aegis,2016-08-15T19:10:31Z,6185,55,7.095890410958904
MDEwOlJlcG9zaXRvcnk0NDY4MTQwMA==,62ccf6f4-f824-4787-913a-544fabea0868,gzu-liyujiang/AndroidPicker,https://github.com/gzu-liyujiang/AndroidPicker,2015-10-21T14:21:16Z,6112,55,7.9150684931506845
MDEwOlJlcG9zaXRvcnkyNDY1MDMzOQ==,eb16eb78-7daf-4ae2-a998-0255c9e2c5b1,google/physical-web,https://github.com/google/physical-web,2014-09-30T18:32:14Z,6018,17,8.972602739726028
MDEwOlJlcG9zaXRvcnk1OTI1NTYw,e29a01a0-6dca-4095-9ecb-863693f9272a,JesusFreke/smali,https://github.com/JesusFreke/smali,2012-09-23T19:51:16Z,6015,0,10.991780821917809
MDEwOlJlcG9zaXRvcnk2Mzc0NDExNQ==,0b734876-757f-48bd-a8fe-e6a8c33ef793,SparkYuan/SubmitButton,https://github.com/SparkYuan/SubmitButton,2016-07-20T02:38:00Z,561,0,7.167123287671233
MDEwOlJlcG9zaXRvcnk1ODU1MDIyMQ==,ee949bc4-c3de-4597-8799-8b0abdb359c1,jkxqj/KingIM,https://github.com/jkxqj/KingIM,2016-05-11T14:03:38Z,556,0,7.358904109589041
MDEwOlJlcG9zaXRvcnk0ODY3Mjk0,a3a71e43-9583-4a1f-8228-a66eb56a84d7,hangum/TadpoleForDBTools,https://github.com/hangum/TadpoleForDBTools,2012-07-03T02:34:03Z,540,6,11.216438356164383
MDEwOlJlcG9zaXRvcnkyMjMwODgwMA==,cb99cd1e-e614-45fb-8db1-04e0a0f9219c,AlbertGrobas/PolygonImageView,https://github.com/AlbertGrobas/PolygonImageView,2014-07-27T10:51:26Z,534,0,9.150684931506849
MDEwOlJlcG9zaXRvcnk2MzUxNzQ1MA==,f6f2cd69-9dfd-4eb0-a26c-a7c140f5c099,syedowaisali/crystal-range-seekbar,https://github.com/syedowaisali/crystal-range-seekbar,2016-07-17T06:08:23Z,533,0,7.175342465753425
MDEwOlJlcG9zaXRvcnkxMDY0MTQwMzE=,0f88f0c3-d315-4c95-aa99-13d857e79760,guzhigang001/Bailan,https://github.com/guzhigang001/Bailan,2017-10-10T12:26:40Z,530,0,5.942465753424657
MDEwOlJlcG9zaXRvcnkxNTQ1MjEzOTg=,6a742edc-eb3f-4ca2-9601-d639e3619e95,kongzue/StackLabel,https://github.com/kongzue/StackLabel,2018-10-24T15:05:51Z,530,1,4.904109589041096
MDEwOlJlcG9zaXRvcnk0ODAyNjYyNw==,29862f32-94f2-4490-ac82-be08a6e6c538,lingochamp/QiniuImageLoader,https://github.com/lingochamp/QiniuImageLoader,2015-12-15T07:24:53Z,524,1,7.764383561643836
MDEwOlJlcG9zaXRvcnkxODk1NjU2ODE=,c905f23c-4845-427c-8bf7-9e34ff951ed5,aicareles/AopArms,https://github.com/aicareles/AopArms,2019-05-31T09:18:31Z,523,0,4.304109589041096
MDEwOlJlcG9zaXRvcnkxNjc1MTQ3ODA=,201c0fa9-0876-4e6c-9e4e-dba0f33f65fb,alibaba/sca-best-practice,https://github.com/alibaba/sca-best-practice,2019-01-25T08:43:05Z,523,0,4.64931506849315
MDEwOlJlcG9zaXRvcnkzMDAyMTk5Mw==,89857637-a37b-44f2-b7cc-194acf2f41ef,hongyangAndroid/Android-ProgressBarWidthNumber,https://github.com/hongyangAndroid/Android-ProgressBarWidthNumber,2015-01-29T13:50:45Z,521,0,8.64109589041096
MDEwOlJlcG9zaXRvcnkzOTIyMzkxNw==,a44f9357-c506-4d2b-81d0-9502b6edaea4,amazon-archives/aws-apigateway-importer,https://github.com/amazon-archives/aws-apigateway-importer,2015-07-16T22:41:20Z,517,0,8.178082191780822
MDEwOlJlcG9zaXRvcnk1Njc3NTM0OA==,fa0f8170-02a6-42d8-b0d1-e21b8369063c,YoKeyword/SwipeBackFragment,https://github.com/YoKeyword/SwipeBackFragment,2016-04-21T13:19:22Z,504,0,7.413698630136986
MDEwOlJlcG9zaXRvcnkzNjg2NjY0MA==,ddaefcd8-1b7c-4a8b-8f44-7d9132814d87,gotokatsuya/BlurredGridMenu,https://github.com/gotokatsuya/BlurredGridMenu,2015-06-04T11:35:01Z,494,0,8.295890410958904
MDEwOlJlcG9zaXRvcnk1NjQyNTkxNg==,5397bf42-5d18-4e55-8d3e-579d1c64071f,lankton/android-flowlayout,https://github.com/lankton/android-flowlayout,2016-04-17T08:09:43Z,490,0,7.424657534246576
MDEwOlJlcG9zaXRvcnkxNDE5NTg5Mzg=,3fa4daa6-2b0b-4b4b-b7fb-bb07cabe1d27,yangchong211/YCSlideLayout,https://github.com/yangchong211/YCSlideLayout,2018-07-23T03:57:49Z,486,2,5.158904109589041
MDEwOlJlcG9zaXRvcnkzNjQ3Njc2OA==,d84d8aa8-e679-4f56-8819-57ae0103cc9f,ppamorim/Cult,https://github.com/ppamorim/Cult,2015-05-29T01:49:39Z,483,2,8.312328767123288
MDEwOlJlcG9zaXRvcnk1MTg4NDU3Ng==,1d612d0f-f52f-47b7-b901-1228d88efef5,Diffey/RxZhihuPager,https://github.com/Diffey/RxZhihuPager,2016-02-17T01:34:14Z,482,0,7.589041095890411
MDEwOlJlcG9zaXRvcnk5NTQwMTAxNQ==,1326a2be-74b2-44ad-ad0b-e2b5e8c6d5be,crossoverJie/springboot-cloud,https://github.com/crossoverJie/springboot-cloud,2017-06-26T02:35:17Z,480,7,6.232876712328767
MDEwOlJlcG9zaXRvcnkzODg4MDY5OA==,227c2366-752d-49df-a1b4-7201b4880813,daniel-cottone/Cerberus,https://github.com/daniel-cottone/Cerberus,2015-07-10T13:02:37Z,477,0,8.197260273972603
MDEwOlJlcG9zaXRvcnk0NTAxNDE3Mw==,bd200171-dd0d-4eb1-a288-e2190b4b06b7,pengjianbo/FloatViewFinal,https://github.com/pengjianbo/FloatViewFinal,2015-10-27T03:17:55Z,474,0,7.898630136986301
MDEwOlJlcG9zaXRvcnk5MDEwOTYyOQ==,fdb95c0e-24f4-4bb8-8771-9a51b975c165,imkarl/WaitView,https://github.com/imkarl/WaitView,2017-05-03T04:57:23Z,472,2,6.380821917808219
R_kgDOIN1Xag,e42c4794-dbcc-42a1-a43e-4b62b57c91f7,AbdurRKhalid/Design-Patterns,https://github.com/AbdurRKhalid/Design-Patterns,2022-10-14T09:33:25Z,472,0,0.9287671232876712
MDEwOlJlcG9zaXRvcnk0ODk4NTk=,195b520d-9d0e-4c93-9e21-dec03311e48e,jclouds/legacy-jclouds,https://github.com/jclouds/legacy-jclouds,2010-01-26T21:29:28Z,470,0,13.652054794520549
MDEwOlJlcG9zaXRvcnk4NTk5NTE2,0bc0a157-359b-4c06-9d78-961081f98cdf,JakeWharton/salvage,https://github.com/JakeWharton/salvage,2013-03-06T08:54:56Z,467,0,10.542465753424658
MDEwOlJlcG9zaXRvcnk1OTk3MzE4OA==,97eea2c3-7fbf-42e9-a412-5ae42141b570,Dawish/MDPlayer,https://github.com/Dawish/MDPlayer,2016-05-30T01:55:10Z,466,0,7.306849315068493
MDEwOlJlcG9zaXRvcnk3NzI5ODQ5MQ==,0c999edd-8b41-4412-b380-fec4b8a4bd35,janishar/android-dagger2-example,https://github.com/janishar/android-dagger2-example,2016-12-24T20:02:05Z,454,0,6.736986301369863
MDEwOlJlcG9zaXRvcnk4MjIyMzQ5NA==,8af688bc-5e3d-4e2e-9235-321c4e8ff79c,fourlastor/dante,https://github.com/fourlastor/dante,2017-02-16T20:33:35Z,454,2,6.589041095890411
MDEwOlJlcG9zaXRvcnk0Nzk0MjE1,6ed70a2f-9040-489b-8540-403527fef5a6,throrin19/Android-Validator,https://github.com/throrin19/Android-Validator,2012-06-26T11:30:10Z,450,0,11.235616438356164
MDEwOlJlcG9zaXRvcnkxMzgxNzU2MDc=,2488d2af-8ad8-4ed6-9fec-abb898275910,onlyloveyd/LazyKeyboard,https://github.com/onlyloveyd/LazyKeyboard,2018-06-21T13:42:58Z,445,6,5.2465753424657535
MDEwOlJlcG9zaXRvcnk1NjgwODk5Mw==,427df277-a73b-436c-99e2-db98b61b9df5,udacity/ud839_CustomAdapter_Example,https://github.com/udacity/ud839_CustomAdapter_Example,2016-04-21T22:18:21Z,439,0,7.413698630136986
MDEwOlJlcG9zaXRvcnkxNTIyMDQ2ODc=,7791c818-7a97-45eb-b711-55cf20198c65,24Kshign/SuspensionWindow,https://github.com/24Kshign/SuspensionWindow,2018-10-09T07:11:35Z,439,0,4.945205479452055
MDEwOlJlcG9zaXRvcnkxMTY2MTg0MTg=,d3d369e3-e63d-4627-90fb-b8b360cdf11a,lrwinx/shop,https://github.com/lrwinx/shop,2018-01-08T02:21:10Z,437,0,5.695890410958904
MDEwOlJlcG9zaXRvcnkxOTU1NzA4OA==,457f8983-c887-4c9b-bb33-dc9134d3efe6,andraskindler/parallaxviewpager,https://github.com/andraskindler/parallaxviewpager,2014-05-08T01:55:08Z,437,0,9.36986301369863
MDEwOlJlcG9zaXRvcnk0NjYzODc5OQ==,393b7143-85b6-4e0a-bcfb-a0d51ddb46ab,yesidlazaro/BadgedImageview,https://github.com/yesidlazaro/BadgedImageview,2015-11-21T23:44:48Z,435,0,7.827397260273971
MDEwOlJlcG9zaXRvcnk0NjY1NDQzMg==,73529ebf-1652-493f-bb97-bb41a2e9b2ea,CoolThink/StatusBarAdapt,https://github.com/CoolThink/StatusBarAdapt,2015-11-22T09:45:00Z,431,0,7.827397260273971
MDEwOlJlcG9zaXRvcnk2MjQ1NDc4NA==,e21f8d39-8c27-43bd-8653-f439cb24e7be,MaksTuev/ferro,https://github.com/MaksTuev/ferro,2016-07-02T14:32:17Z,430,7,7.216438356164383
MDEwOlJlcG9zaXRvcnkyOTA3NzIzNw==,5639b438-4527-4cc4-bc9f-b364b9be7388,sockeqwe/annotationprocessing101,https://github.com/sockeqwe/annotationprocessing101,2015-01-11T01:13:53Z,430,0,8.69041095890411
MDEwOlJlcG9zaXRvcnkxODU3NTYw,742bc6a7-f9bc-4754-bc6c-4028d26e303e,prey/prey-android-client,https://github.com/prey/prey-android-client,2011-06-07T00:33:05Z,427,76,12.29041095890411
MDEwOlJlcG9zaXRvcnkyOTg5NDkxNg==,8b7c5f77-f9e0-43f6-bf91-fc6ee54a83de,zzz40500/HeadsUp,https://github.com/zzz40500/HeadsUp,2015-01-27T03:10:59Z,426,1,8.646575342465754
MDEwOlJlcG9zaXRvcnkxMDk4NDk0Nw==,ce669f93-631e-4b13-b968-c46381583e88,wuman/android-oauth-client,https://github.com/wuman/android-oauth-client,2013-06-27T02:19:13Z,425,0,10.232876712328768
MDEwOlJlcG9zaXRvcnk1OTgwMDM3OQ==,980cd967-679e-4a95-9a46-f0dd47eb7733,wenhuaijun/EasyTagDragView,https://github.com/wenhuaijun/EasyTagDragView,2016-05-27T03:12:36Z,425,0,7.315068493150685
MDEwOlJlcG9zaXRvcnk0NTA2Nzk1OA==,9324e94e-91ef-4304-94f4-72b2874ad466,cesarferreira/RxPeople,https://github.com/cesarferreira/RxPeople,2015-10-27T20:26:36Z,425,0,7.898630136986301
MDEwOlJlcG9zaXRvcnkyMjE1NTA0OQ==,63896391-34b6-4709-bf67-750b5bac663e,spring-cloud-samples/customers-stores,https://github.com/spring-cloud-samples/customers-stores,2014-07-23T14:57:16Z,425,0,9.161643835616438
MDEwOlJlcG9zaXRvcnkyOTUyNTgzMA==,0d931bed-4d59-4e0d-abea-0ef0cd9c78bc,7heaven/bitmapMesh,https://github.com/7heaven/bitmapMesh,2015-01-20T11:08:02Z,424,0,8.665753424657535
MDEwOlJlcG9zaXRvcnk4NDA3NjMwOQ==,5c54fc03-522f-4c9a-928e-cfa49f245e65,pqpo/InputMethodHolder,https://github.com/pqpo/InputMethodHolder,2017-03-06T13:28:26Z,423,0,6.53972602739726
MDEwOlJlcG9zaXRvcnk4Nzc4OTg2NQ==,ea625c15-0de3-436d-836f-6b409464ea06,AriesHoo/UIWidget,https://github.com/AriesHoo/UIWidget,2017-04-10T09:02:29Z,423,61,6.443835616438356
MDEwOlJlcG9zaXRvcnkyNTM5NzQ3OQ==,c03c286d-6ab5-421d-8e51-723cb54b9f59,StanKocken/EfficientAdapter,https://github.com/StanKocken/EfficientAdapter,2014-10-18T13:04:10Z,421,0,8.923287671232877
MDEwOlJlcG9zaXRvcnk4OTQ2MTQ0,90be2d92-9c78-433a-8ee7-8929f0b2fa44,yahoo/storm-yarn,https://github.com/yahoo/storm-yarn,2013-03-22T06:21:02Z,418,0,10.498630136986302
MDEwOlJlcG9zaXRvcnk2Nzk1Nzk2NA==,cabaaa39-bd64-4ca0-9e41-71a42686b8f8,alexstyl/Material-SearchTransition,https://github.com/alexstyl/Material-SearchTransition,2016-09-11T22:34:30Z,408,0,7.019178082191781
MDEwOlJlcG9zaXRvcnkyMjYwOTY5MzQ=,fa51fb2c-c989-478c-9da4-d6fc718df48f,jeecgboot/JimuReport,https://github.com/jeecgboot/JimuReport,2019-12-05T12:25:59Z,4688,9,3.789041095890411
MDEwOlJlcG9zaXRvcnkxODI0MjE0OQ==,011af1b5-d878-4771-8c7a-100d51c151fd,cglib/cglib,https://github.com/cglib/cglib,2014-03-29T13:48:30Z,4663,15,9.47945205479452
MDEwOlJlcG9zaXRvcnk2MDM3NzA3MA==,7a5add23-8509-458a-9718-225dd85787ee,vespa-engine/vespa,https://github.com/vespa-engine/vespa,2016-06-03T20:54:20Z,4649,99,7.295890410958904
MDEwOlJlcG9zaXRvcnkzMDEyOTkzOQ==,819f7d64-a579-4ebc-80b1-55848a16f5f7,citerus/dddsample-core,https://github.com/citerus/dddsample-core,2015-01-31T23:21:37Z,4618,0,8.632876712328768
MDEwOlJlcG9zaXRvcnk2MTg0OTI=,8f4bd5d1-406f-4b74-809c-a184ca2541de,brianfrankcooper/YCSB,https://github.com/brianfrankcooper/YCSB,2010-04-19T20:52:11Z,4592,55,13.424657534246576
MDEwOlJlcG9zaXRvcnkxNjc5NjIzNjI=,682c8d5f-7eaf-450a-91f0-a932bb8a8578,hansonwang99/Spring-Boot-In-Action,https://github.com/hansonwang99/Spring-Boot-In-Action,2019-01-28T12:56:51Z,4581,0,4.641095890410959
MDEwOlJlcG9zaXRvcnk4Njk3NTQ=,91ee2c6d-b8c0-46e5-a68c-d74a77718329,go-lang-plugin-org/go-lang-idea-plugin,https://github.com/go-lang-plugin-org/go-lang-idea-plugin,2010-08-29T08:20:01Z,4573,21,13.063013698630137
MDEwOlJlcG9zaXRvcnkzNDQ3MTYwMA==,61ad7dbb-497a-4f48-a00a-c15816ad786c,Flipboard/bottomsheet,https://github.com/Flipboard/bottomsheet,2015-04-23T17:37:32Z,4541,10,8.41095890410959
MDEwOlJlcG9zaXRvcnkxNzI2MTc4MzU=,bad5f56b-a956-4a0e-947c-5ebe744c2e5e,javagrowing/JGrowing,https://github.com/javagrowing/JGrowing,2019-02-26T01:55:08Z,4505,0,4.561643835616438
MDEwOlJlcG9zaXRvcnk3NjE2MTU4,eab4facb-05b2-4880-9224-b7387f1dd327,Netflix/ribbon,https://github.com/Netflix/ribbon,2013-01-15T01:08:04Z,4467,41,10.67945205479452
MDEwOlJlcG9zaXRvcnk3OTIzMTIz,5d48c830-c3a5-429d-a794-bb352d193aab,square/android-times-square,https://github.com/square/android-times-square,2013-01-30T20:28:27Z,4440,0,10.63835616438356
MDEwOlJlcG9zaXRvcnkyNjEwNDI4Ng==,4264ca4a-4a68-4305-ba75-4d7bab9a82d0,tuguangquan/mybatis,https://github.com/tuguangquan/mybatis,2014-11-03T04:51:06Z,4436,0,8.87945205479452
R_kgDOGVgeTA,e2c4fb29-9f22-4e58-a5cf-1c1cb5e7dd21,ZhongFuCheng3y/austin,https://github.com/ZhongFuCheng3y/austin,2021-11-06T09:36:01Z,4389,0,1.8657534246575345
MDEwOlJlcG9zaXRvcnkzNDU4MjMxOQ==,81d9b89d-f716-4239-a7c4-c9bca5ae8aa8,awangdev/leet-code,https://github.com/awangdev/leet-code,2015-04-25T19:14:09Z,4345,0,8.405479452054795
MDEwOlJlcG9zaXRvcnkyMjIzNzA5Mg==,f3f0512e-def4-4338-9842-3266cb8d4024,Fuzion24/JustTrustMe,https://github.com/Fuzion24/JustTrustMe,2014-07-24T23:45:05Z,4339,1,9.156164383561643
MDEwOlJlcG9zaXRvcnkyMjA4NzUyNTA=,4050ef91-b95b-4e95-b8a2-3aa3fee76cbc,201206030/novel,https://github.com/201206030/novel,2019-11-11T01:13:52Z,4308,10,3.854794520547945
MDEwOlJlcG9zaXRvcnkxNTY0ODg5OQ==,07b78263-f661-47f3-90d7-80a0058350fd,aporter/coursera-android,https://github.com/aporter/coursera-android,2014-01-05T09:55:31Z,4276,0,9.706849315068494
MDEwOlJlcG9zaXRvcnk3MTAwOTc0MQ==,26c51df0-f9c0-478b-b4f8-5015da363a34,JZ-Darkal/AndroidHttpCapture,https://github.com/JZ-Darkal/AndroidHttpCapture,2016-10-15T19:48:00Z,4250,1,6.928767123287671
MDEwOlJlcG9zaXRvcnkxNzQyOTE2MDY=,e4cce0ad-4a36-4f91-b8b7-ad1a9c18d67d,zlt2000/microservices-platform,https://github.com/zlt2000/microservices-platform,2019-03-07T07:13:37Z,4250,29,4.536986301369863
MDEwOlJlcG9zaXRvcnkyNTI0NzQ2ODU=,5d93f32f-6552-4ec9-b90d-c419a083fec9,NekoX-Dev/NekoX,https://github.com/NekoX-Dev/NekoX,2020-04-02T14:13:25Z,4246,187,3.463013698630137
MDEwOlJlcG9zaXRvcnk3OTkwMTQwNQ==,c37629ec-ceb3-4cb0-992d-c72423e0bc1a,objectbox/objectbox-java,https://github.com/objectbox/objectbox-java,2017-01-24T10:29:48Z,4243,38,6.652054794520548
MDEwOlJlcG9zaXRvcnk5MjAwNTEwMA==,38fdd5a2-c1fb-4424-b4d4-1bfeecfa5341,tiann/epic,https://github.com/tiann/epic,2017-05-22T02:52:44Z,4225,5,6.328767123287672
MDEwOlJlcG9zaXRvcnk1MTM0ODI5MA==,add95031-95b5-4b27-9a03-ede92badc0bd,brianway/java-learning,https://github.com/brianway/java-learning,2016-02-09T05:20:58Z,4150,0,7.610958904109589
MDEwOlJlcG9zaXRvcnk2MTY4NzI1Nw==,0aee5e7d-8481-4cf2-9ad2-948e2f136dbd,baoyachi/StepView,https://github.com/baoyachi/StepView,2016-06-22T03:52:08Z,4131,13,7.243835616438356
MDEwOlJlcG9zaXRvcnkzNDA3MTE0,0f6183c1-c090-4f10-a95e-a0efade355f9,oshi/oshi,https://github.com/oshi/oshi,2012-02-10T12:46:48Z,4127,143,11.610958904109587
MDEwOlJlcG9zaXRvcnk1ODE5NDE4MA==,8c1b6491-4992-4c22-99d1-853f1e81f685,strimzi/strimzi-kafka-operator,https://github.com/strimzi/strimzi-kafka-operator,2016-05-06T08:52:33Z,4027,126,7.372602739726028
MDEwOlJlcG9zaXRvcnkyMDY1MjA3NA==,aa91c69c-d411-4244-8b32-1e1ce554edd3,xcltapestry/XCL-Charts,https://github.com/xcltapestry/XCL-Charts,2014-06-09T15:44:50Z,3964,0,9.282191780821918
MDEwOlJlcG9zaXRvcnk0MzE0MjA3Nw==,8a152b36-275d-4b53-b71e-e6086b3a8fb3,mybatis/spring-boot-starter,https://github.com/mybatis/spring-boot-starter,2015-09-25T13:05:15Z,3961,28,7.986301369863014
MDEwOlJlcG9zaXRvcnkyNDY1MDE0Ng==,081b8732-74c3-4386-b1c3-2aeaa51cd2c4,google/open-location-code,https://github.com/google/open-location-code,2014-09-30T18:26:35Z,3904,5,8.972602739726028
MDEwOlJlcG9zaXRvcnk5OTIyNDA1Nw==,967cb887-1768-4526-80f5-76175791aa2e,pqpo/SmartCropper,https://github.com/pqpo/SmartCropper,2017-08-03T11:08:41Z,3900,13,6.128767123287672
MDEwOlJlcG9zaXRvcnk0Nzg4MDIwNw==,a920f208-cff3-4b35-80e1-2ca60f65842a,discord-jda/JDA,https://github.com/discord-jda/JDA,2015-12-12T13:57:32Z,3878,77,7.772602739726027
MDEwOlJlcG9zaXRvcnkxMTcwNTQ1ODQ=,875d1a5c-3698-4b5f-8001-4c38074336bd,apache/dubbo-admin,https://github.com/apache/dubbo-admin,2018-01-11T05:30:17Z,3870,5,5.6876712328767125
MDEwOlJlcG9zaXRvcnkyMDg3MzA0NA==,6cef8004-aa9b-498c-9525-1c4c3467dcf5,databricks/learning-spark,https://github.com/databricks/learning-spark,2014-06-16T04:47:54Z,3863,0,9.263013698630138
MDEwOlJlcG9zaXRvcnkyMDAwMDQ0NDc=,60781dfc-6466-4960-9097-1514a13b7eaa,qunarcorp/bistoury,https://github.com/qunarcorp/bistoury,2019-08-01T07:54:25Z,3851,8,4.134246575342465
MDEwOlJlcG9zaXRvcnkzOTQzNjk2NA==,3b8db2d5-de8a-4cf6-9635-4d1622cf8e28,zzhoujay/RichText,https://github.com/zzhoujay/RichText,2015-07-21T09:36:01Z,3846,0,8.167123287671233
MDEwOlJlcG9zaXRvcnkyNTk3OTA5Mg==,a5d2584d-9560-418b-aa8d-c6826b6cd6c9,lzyzsd/CircleProgress,https://github.com/lzyzsd/CircleProgress,2014-10-30T16:14:42Z,3784,0,8.89041095890411
MDEwOlJlcG9zaXRvcnkzOTExMzE3,e301696d-51d4-488f-97c9-3e1c15d230de,rovo89/XposedInstaller,https://github.com/rovo89/XposedInstaller,2012-04-02T20:33:05Z,3765,0,11.468493150684932
MDEwOlJlcG9zaXRvcnkxMjc5MDY4ODM=,b18aa265-2428-4f0c-b430-40416d0884ca,DTStack/chunjun,https://github.com/DTStack/chunjun,2018-04-03T12:44:58Z,3737,30,5.463013698630137
MDEwOlJlcG9zaXRvcnkxNDM0NzIxMjQ=,2a5cea24-d592-49e6-bb90-d9bffde7e5b7,jbloch/effective-java-3e-source-code,https://github.com/jbloch/effective-java-3e-source-code,2018-08-03T20:48:35Z,3686,0,5.128767123287672
MDEwOlJlcG9zaXRvcnkzNjcyMTc0NjE=,d5413547-53e6-4382-aa98-fd9a992f1b41,lilishop/lilishop,https://github.com/lilishop/lilishop,2021-05-14T01:28:51Z,3669,3,2.347945205479452
MDEwOlJlcG9zaXRvcnkyOTU1OTg1Njk=,2acbac8a-000c-4b08-bab3-1ea668d24a66,TheoKanning/openai-java,https://github.com/TheoKanning/openai-java,2020-09-15T02:58:52Z,3663,17,3.008219178082192
MDEwOlJlcG9zaXRvcnk0MzQwOTM5OA==,64da186b-65cd-4322-b4d7-906af2addb41,promeG/TinyPinyin,https://github.com/promeG/TinyPinyin,2015-09-30T03:24:50Z,3652,2,7.972602739726027
MDEwOlJlcG9zaXRvcnk3NDkxMzc=,2bf5f397-ada7-47b1-8fc5-c1aed7183b17,Atmosphere/atmosphere,https://github.com/Atmosphere/atmosphere,2010-06-30T14:26:23Z,3646,0,13.227397260273971
MDEwOlJlcG9zaXRvcnkyMDQ1MjA3,018cec51-ab4b-430d-b566-7d18ba83fd3b,eclipse/jetty.project,https://github.com/eclipse/jetty.project,2011-07-14T01:11:57Z,3644,72,12.189041095890412
MDEwOlJlcG9zaXRvcnk2NzE2NTkwNA==,9b70cda4-f0bf-4e0d-ab1e-b9b39437e5b3,lisawray/groupie,https://github.com/lisawray/groupie,2016-09-01T20:59:35Z,3590,28,7.049315068493151
MDEwOlJlcG9zaXRvcnk2MjY1OTIxMA==,6b2601e8-a9c3-4616-b3de-c15e6887c4a0,liuyubobobo/Play-with-Algorithms,https://github.com/liuyubobobo/Play-with-Algorithms,2016-07-05T18:16:22Z,3583,0,7.208219178082191
MDEwOlJlcG9zaXRvcnkyOTQwMTA4MQ==,a299bc0f-3411-477a-bec0-1e1eb77d6683,lsjwzh/RecyclerViewPager,https://github.com/lsjwzh/RecyclerViewPager,2015-01-17T18:30:34Z,3537,10,8.673972602739726
MDEwOlJlcG9zaXRvcnkyODczODQ0Nw==,9b637236-8bc1-4f15-82c7-1759fd615986,apache/kylin,https://github.com/apache/kylin,2015-01-03T08:00:05Z,3524,0,8.712328767123287
MDEwOlJlcG9zaXRvcnkzMzQ5MDc5NzY=,02f1911d-1353-4c74-94fa-efa4ed182781,ByteLegend/ByteLegend,https://github.com/ByteLegend/ByteLegend,2021-02-01T10:11:30Z,3518,0,2.627397260273973
MDEwOlJlcG9zaXRvcnk2NTEzODg1Ng==,88d87b6d-77bc-4db7-b219-67caf13b938b,codeestX/GeekNews,https://github.com/codeestX/GeekNews,2016-08-07T14:56:56Z,3492,0,7.117808219178082
MDEwOlJlcG9zaXRvcnk0Nzg3MTM2,4235b55e-f982-42d5-a838-36a1c808424b,mit-cml/appinventor-sources,https://github.com/mit-cml/appinventor-sources,2012-06-25T20:42:28Z,1346,0,11.238356164383562
MDEwOlJlcG9zaXRvcnkxNDYxOTYyNTM=,6bc16828-97f7-43b6-a59a-5a996ebd06af,Leaking/Hunter,https://github.com/Leaking/Hunter,2018-08-26T16:16:10Z,1344,0,5.065753424657534
MDEwOlJlcG9zaXRvcnkzOTk2MjI3NDk=,e32a735f-472f-46d4-9ba4-bf2deca9a379,cami-la/loops-e-arrays,https://github.com/cami-la/loops-e-arrays,2021-08-24T22:39:37Z,1338,0,2.0657534246575344
MDEwOlJlcG9zaXRvcnk3MzU3OTk4,009d47eb-dd5a-4990-b5c7-2485d8091f37,DesignativeDave/androrat,https://github.com/DesignativeDave/androrat,2012-12-28T18:24:04Z,1338,0,10.728767123287671
R_kgDOHJf2WA,9a3134dd-9341-45fc-8f16-a649583ff188,JannsenYang/dingdong-helper,https://github.com/JannsenYang/dingdong-helper,2022-04-09T12:34:29Z,1333,0,1.443835616438356
MDEwOlJlcG9zaXRvcnk1Mjg1NzE3NQ==,40664887-7925-468a-a3d0-98aaa1e927eb,Hitomis/FunGameRefresh,https://github.com/Hitomis/FunGameRefresh,2016-03-01T07:28:09Z,1329,0,7.553424657534246
MDEwOlJlcG9zaXRvcnkxNDQyMTI0MA==,5a8e0bc0-ffa9-4d65-aeff-b8ca7d07998d,HackPlan/AndroidCharts,https://github.com/HackPlan/AndroidCharts,2013-11-15T10:15:22Z,1318,1,9.846575342465751
MDEwOlJlcG9zaXRvcnkxODM4NjM2MDk=,5b9410f7-3159-46d4-9560-635c3231d890,loda-kun/spring-boot-learning,https://github.com/loda-kun/spring-boot-learning,2019-04-28T06:07:26Z,1317,0,4.394520547945206
MDEwOlJlcG9zaXRvcnk0MDA4OTU0MQ==,95baae28-aa2d-4d73-a5de-758832dc3bcb,lgvalle/android-flux-todo-app,https://github.com/lgvalle/android-flux-todo-app,2015-08-02T19:00:12Z,1294,0,8.134246575342466
MDEwOlJlcG9zaXRvcnk2NjA2MDI1Ng==,4c0effba-d599-4bab-944f-849081b5460b,jinatonic/confetti,https://github.com/jinatonic/confetti,2016-08-19T06:57:38Z,1291,2,7.084931506849316
MDEwOlJlcG9zaXRvcnk4ODgwMzkxOA==,33933dcb-689a-403e-8bdb-6ac50bdca807,Dsiner/UIUtil,https://github.com/Dsiner/UIUtil,2017-04-20T00:40:44Z,1286,0,6.416438356164384
MDEwOlJlcG9zaXRvcnkyMDIyOTE2,814dc61e-7e72-48ee-bae2-b4cf9ce4c81c,mttkay/ignition,https://github.com/mttkay/ignition,2011-07-09T17:15:34Z,1283,0,12.202739726027398
MDEwOlJlcG9zaXRvcnkyMzAwMTEyNjI=,0b83d54f-282a-4e7b-9bdd-e3e027d60d38,jbangdev/jbang,https://github.com/jbangdev/jbang,2019-12-24T22:52:02Z,1279,201,3.734246575342466
R_kgDOHGmdZQ,5091f00d-11cf-4c21-ba57-ff07779549fe,DerekYRC/mini-spring-cloud,https://github.com/DerekYRC/mini-spring-cloud,2022-04-01T10:57:46Z,1275,0,1.4657534246575343
MDEwOlJlcG9zaXRvcnkyNjM0NDI2MjI=,ef4b4b61-85f6-474b-a12a-b8b95b47a71d,openrewrite/rewrite,https://github.com/openrewrite/rewrite,2020-05-12T20:16:14Z,1262,185,3.3534246575342466
MDEwOlJlcG9zaXRvcnkyOTk5NjY5,12f7c94a-2c99-4080-a317-07bdbed4a6cb,fusesource/mqtt-client,https://github.com/fusesource/mqtt-client,2011-12-17T05:12:58Z,1260,0,11.761643835616438
MDEwOlJlcG9zaXRvcnkxNzcxMjkwMTI=,3e425a13-c552-4518-b565-edfd3fed403b,kongzue/DialogV3,https://github.com/kongzue/DialogV3,2019-03-22T11:35:03Z,1259,0,4.495890410958904
MDEwOlJlcG9zaXRvcnkzNDgzMTQ1Nw==,e84fff8b-90b6-4be9-ab73-73ef7b324032,toddway/MaterialTransitions,https://github.com/toddway/MaterialTransitions,2015-04-30T03:09:54Z,1239,0,8.391780821917807
MDEwOlJlcG9zaXRvcnk0MTMzNDM2NQ==,e8b6435f-119a-4dce-bbd3-65152038ecab,DSheirer/sdrtrunk,https://github.com/DSheirer/sdrtrunk,2015-08-25T00:47:18Z,1238,36,8.07123287671233
MDEwOlJlcG9zaXRvcnk2MjE1MDM0MQ==,95a1abce-c6f2-4a15-ba76-63992c357f3a,rnmods/react-native-document-picker,https://github.com/rnmods/react-native-document-picker,2016-06-28T14:58:12Z,1221,39,7.227397260273973
MDEwOlJlcG9zaXRvcnk0NzgzMDQ4NQ==,2b95b8e8-e389-4711-b9b2-5f9c157ba75c,lopspower/CircularFillableLoaders,https://github.com/lopspower/CircularFillableLoaders,2015-12-11T14:17:28Z,1219,0,7.775342465753424
MDEwOlJlcG9zaXRvcnk5MDg4NjM4Nw==,99b022ca-31a3-476f-a71c-b9d6f63e797d,tumblr/Graywater,https://github.com/tumblr/Graywater,2017-05-10T16:37:37Z,1208,1,6.361643835616438
MDEwOlJlcG9zaXRvcnkxNzI4ODQ3NQ==,bf5a4cc0-93df-4bcd-9363-4f69f7c459a0,pedrovgs/Renderers,https://github.com/pedrovgs/Renderers,2014-02-28T14:27:41Z,1204,15,9.558904109589042
R_kgDOGbuN3Q,49a4eb83-3e8f-4d8f-8d52-10a70bc5282a,semicons/java_oci_manage,https://github.com/semicons/java_oci_manage,2021-11-25T05:14:13Z,1199,63,1.8136986301369864
MDEwOlJlcG9zaXRvcnk5ODg1NzAxMA==,066a9695-9946-43af-a251-86ff24207188,iammert/ExpandableLayout,https://github.com/iammert/ExpandableLayout,2017-07-31T06:44:55Z,1195,6,6.136986301369863
MDEwOlJlcG9zaXRvcnk3MDc5ODIyOA==,15e60c72-ed1d-4f99-abc1-6afad09257d5,ToDou/appbarlayout-spring-behavior,https://github.com/ToDou/appbarlayout-spring-behavior,2016-10-13T11:06:05Z,1187,6,6.934246575342466
MDEwOlJlcG9zaXRvcnkyMTY3OTEzMg==,3cb13a01-6597-42b8-9d0e-d7411960b080,Pkmmte/CircularImageView,https://github.com/Pkmmte/CircularImageView,2014-07-10T04:21:48Z,1183,0,9.197260273972605
MDEwOlJlcG9zaXRvcnk1OTk1MTU2Ng==,5d5e3cf9-ffee-4228-b662-4ba70db2298f,smarques84/MockLocationDetector,https://github.com/smarques84/MockLocationDetector,2016-05-29T15:57:48Z,1182,0,7.30958904109589
MDEwOlJlcG9zaXRvcnk2MDA2NTA2NQ==,4fc7aebc-baf2-4ea8-b282-d2ed63b1702d,Solartisan/WaveSideBar,https://github.com/Solartisan/WaveSideBar,2016-05-31T06:50:52Z,1176,0,7.304109589041096
MDEwOlJlcG9zaXRvcnk2OTAyNzY1MQ==,6c175e27-309b-47e8-be68-f0a1f07289b7,NightscoutFoundation/xDrip,https://github.com/NightscoutFoundation/xDrip,2016-09-23T13:33:17Z,1173,717,6.989041095890411
MDEwOlJlcG9zaXRvcnk1MDg5NzcwMg==,41bd34aa-df0e-49bc-8650-69d68eaf9e26,jiang111/IndexRecyclerView,https://github.com/jiang111/IndexRecyclerView,2016-02-02T05:51:58Z,1157,2,7.63013698630137
MDEwOlJlcG9zaXRvcnkyNzk4NDk3MA==,14303f5d-7884-4d3f-8e92-5b8cee0b283b,thyrlian/AwesomeValidation,https://github.com/thyrlian/AwesomeValidation,2014-12-14T05:52:41Z,1154,0,8.767123287671232
MDEwOlJlcG9zaXRvcnkxMzIzMDUy,873c1e7a-f8a7-42aa-93a9-011b151e50e8,jnr/jnr-ffi,https://github.com/jnr/jnr-ffi,2011-02-03T04:25:56Z,1148,0,12.63013698630137
MDEwOlJlcG9zaXRvcnk0Njk4OTA1Mw==,ab50d68a-4742-4e6e-8cb1-5b295b04ff76,kakajika/FragmentAnimations,https://github.com/kakajika/FragmentAnimations,2015-11-27T16:10:06Z,1140,0,7.813698630136987
MDEwOlJlcG9zaXRvcnk0MjA5NTU2Nw==,d7f3ded7-2c1c-42f5-8ee7-578ea889d402,wasabeef/Takt,https://github.com/wasabeef/Takt,2015-09-08T06:59:59Z,1136,0,8.032876712328767
MDEwOlJlcG9zaXRvcnkyMjM3NjYzMzQ=,e028fa1a-5866-434d-bb98-de7531c1b9fb,getActivity/EasyHttp,https://github.com/getActivity/EasyHttp,2019-11-24T15:30:56Z,1130,28,3.819178082191781
MDEwOlJlcG9zaXRvcnkxNTYxNTMx,e487b001-ff66-4d8c-830c-30eae562f340,banq/jdonframework,https://github.com/banq/jdonframework,2011-04-03T01:23:54Z,1129,2,12.468493150684932
MDEwOlJlcG9zaXRvcnkzMzA0NDQ3,b4d1fd17-8c48-4c82-8a37-a19ed29553a7,richardwilly98/elasticsearch-river-mongodb,https://github.com/richardwilly98/elasticsearch-river-mongodb,2012-01-30T11:42:26Z,1124,0,11.64109589041096
MDEwOlJlcG9zaXRvcnkzMDU2MTEwOTE=,2b62a6c5-e9f4-4518-b9dc-fa638694259f,fit2cloud/riskscanner,https://github.com/fit2cloud/riskscanner,2020-10-20T06:28:40Z,1122,14,2.912328767123288
MDEwOlJlcG9zaXRvcnk0MDY1Mjc4OA==,4c235740-c96a-481d-99b9-8d9b289f3662,chenssy89/jutils,https://github.com/chenssy89/jutils,2015-08-13T10:23:38Z,1115,0,8.104109589041096
MDEwOlJlcG9zaXRvcnk2MDI1NzY0Nw==,8430ff68-ff0d-4c4f-b988-8ce9fbadf957,naman14/AlgorithmVisualizer-Android,https://github.com/naman14/AlgorithmVisualizer-Android,2016-06-02T11:11:55Z,1108,0,7.298630136986302
MDEwOlJlcG9zaXRvcnk0ODQ4MTE5Mw==,729cf995-2aa0-47ab-9012-0e1a033fc2c2,THEONE10211024/RxJavaSamples,https://github.com/THEONE10211024/RxJavaSamples,2015-12-23T09:16:54Z,1103,0,7.742465753424658
MDEwOlJlcG9zaXRvcnk3NTQyMjU2Ng==,d5f22e01-2048-43b2-aa57-54228a49389b,Netflix/hollow,https://github.com/Netflix/hollow,2016-12-02T18:56:43Z,1099,250,6.7972602739726025
MDEwOlJlcG9zaXRvcnk4OTIxMDc1Mg==,41c77d59-8b24-4e10-a9f4-4474de2b80bc,psdcompany/duo-navigation-drawer,https://github.com/psdcompany/duo-navigation-drawer,2017-04-24T07:35:19Z,1092,10,6.405479452054794
MDEwOlJlcG9zaXRvcnkyNTE0NDA4NTI=,5dae8a7c-9881-481a-9ef6-69b50a9c2935,CaffeineMC/phosphor-fabric,https://github.com/CaffeineMC/phosphor-fabric,2020-03-30T22:16:22Z,1087,14,3.4712328767123286
MDEwOlJlcG9zaXRvcnkyNzM1NTM2Ng==,8579b6d4-2673-4de0-884a-0eaa16f89a15,kohlschutter/boilerpipe,https://github.com/kohlschutter/boilerpipe,2014-12-01T00:18:23Z,1073,0,8.802739726027397
MDEwOlJlcG9zaXRvcnkzNDY4NjEyMjI=,64de54d1-8923-4fc0-8109-86e0be0caf79,1n7erface/PocList,https://github.com/1n7erface/PocList,2021-03-11T22:49:17Z,1070,0,2.5205479452054798
MDEwOlJlcG9zaXRvcnk4NTMwMTIw,555948ac-3f30-4f52-8781-6ab8970c5440,jbake-org/jbake,https://github.com/jbake-org/jbake,2013-03-03T01:33:47Z,1067,23,10.550684931506847
MDEwOlJlcG9zaXRvcnkxMzU4MDY2Mw==,62877265-11bb-4fff-9a54-ab2efb50e1ac,almalence/OpenCamera,https://github.com/almalence/OpenCamera,2013-10-15T04:40:52Z,1064,0,9.931506849315069
MDEwOlJlcG9zaXRvcnkxNDE1NDY5ODg=,b923177f-9da4-4282-bba6-83578dea4fe2,1993hzw/Doodle,https://github.com/1993hzw/Doodle,2018-07-19T08:17:01Z,1063,14,5.16986301369863
MDEwOlJlcG9zaXRvcnk2NTM4MDM4OQ==,9d4f45af-242f-4976-8fee-4d21afab23b5,jarlen/PhotoEdit,https://github.com/jarlen/PhotoEdit,2016-08-10T12:23:49Z,1105,0,7.109589041095891
MDEwOlJlcG9zaXRvcnkzMDM5ODc4Mg==,dc20fec3-0bdc-41ca-99c4-96d266518336,lsjwzh/MaterialLoadingProgressBar,https://github.com/lsjwzh/MaterialLoadingProgressBar,2015-02-06T06:32:17Z,1092,1,8.61917808219178
MDEwOlJlcG9zaXRvcnkxNDI0NTMyMzU=,0863ceb9-a689-4dc5-814f-ddf6bac4153f,PortSwigger/param-miner,https://github.com/PortSwigger/param-miner,2018-07-26T14:34:24Z,1060,2,5.1506849315068495
MDEwOlJlcG9zaXRvcnkyNjYyODk1NA==,323e7328-e019-48d5-a526-4a0a5a3597c1,vert-x3/vertx-web,https://github.com/vert-x3/vertx-web,2014-11-14T08:15:20Z,1058,0,8.849315068493151
MDEwOlJlcG9zaXRvcnk4NDM0NDI5OA==,7f942060-c0f6-45a0-aff8-97c20605aaa7,iiitv/algos,https://github.com/iiitv/algos,2017-03-08T16:49:57Z,1055,0,6.534246575342466
MDEwOlJlcG9zaXRvcnk2MzQ5OTM5NQ==,adbb7cdb-2886-47c8-aa2f-8540b440d3fd,Grover-c13/PokeGOAPI-Java,https://github.com/Grover-c13/PokeGOAPI-Java,2016-07-16T19:35:42Z,1052,2,7.178082191780822
MDEwOlJlcG9zaXRvcnk1MDk5NDUz,eb810465-8645-46e5-a110-e4cb04e1ec11,lz4/lz4-java,https://github.com/lz4/lz4-java,2012-07-18T17:26:42Z,1036,8,11.175342465753424
MDEwOlJlcG9zaXRvcnkyMDQ0MDI5,67ab6da7-169a-4e5f-aacb-d9bddc68b2c9,Netflix/astyanax,https://github.com/Netflix/astyanax,2011-07-13T20:24:30Z,1034,7,12.191780821917808
MDEwOlJlcG9zaXRvcnkxNzc0NzQ2Mg==,e620301f-91da-4d74-83f0-bca0e75ace4d,uberspot/2048-android,https://github.com/uberspot/2048-android,2014-03-14T13:45:21Z,1020,0,9.52054794520548
MDEwOlJlcG9zaXRvcnkzMjU0NjI4MDA=,a928b7c8-e31f-420e-83e5-d54c072fab8b,Seogeurim/CS-study,https://github.com/Seogeurim/CS-study,2020-12-30T05:25:24Z,1019,0,2.717808219178082
MDEwOlJlcG9zaXRvcnk2Mzc1MjM0NA==,c1b6f052-1e93-4619-a525-d227fccc00ae,omkarmoghe/Pokemap,https://github.com/omkarmoghe/Pokemap,2016-07-20T05:17:39Z,1013,30,7.167123287671233
MDEwOlJlcG9zaXRvcnkyNjQ5Mjg4Ng==,1006de22-1065-42f1-82f3-b46d91819939,liaohuqiu/android-cube-app,https://github.com/liaohuqiu/android-cube-app,2014-11-11T16:13:18Z,1009,0,8.857534246575343
MDEwOlJlcG9zaXRvcnk5ODAxMzEzNg==,73d17324-5913-4594-963a-77de6b132f7e,HurTeng/StormPlane,https://github.com/HurTeng/StormPlane,2017-07-22T06:54:16Z,1006,1,6.161643835616438
MDEwOlJlcG9zaXRvcnkzMjc2MjEy,a5f19f81-a968-43f5-a45d-adabb02f2214,imagej/imagej2,https://github.com/imagej/imagej2,2012-01-26T18:32:43Z,1003,0,11.652054794520549
R_kgDOIsT8zA,450ba608-44af-4b4a-b7e9-2e08f9b70eeb,ali-bouali/spring-boot-3-jwt-security,https://github.com/ali-bouali/spring-boot-3-jwt-security,2022-12-29T13:21:52Z,997,0,0.7205479452054795
MDEwOlJlcG9zaXRvcnkyNTI0NDg4,ccad351b-8ad4-4287-8017-701fa66bec54,apache/accumulo,https://github.com/apache/accumulo,2011-10-06T07:00:09Z,995,0,11.95890410958904
MDEwOlJlcG9zaXRvcnkyMjQ2NTkzMzA=,d4ff50e0-b1ff-4c45-aef5-d9841002dcf8,adlered/bolo-solo,https://github.com/adlered/bolo-solo,2019-11-28T13:27:48Z,993,19,3.808219178082192
MDEwOlJlcG9zaXRvcnkzMDU1MzM5Mg==,c7825eaf-5830-476c-a1ae-fc60400ee69a,ctongfei/progressbar,https://github.com/ctongfei/progressbar,2015-02-09T19:16:21Z,985,25,8.610958904109589
MDEwOlJlcG9zaXRvcnk0NDIxNTgyMQ==,34f38e8c-9735-47a4-800c-87ad01183d9a,xmuSistone/AnimRichEditor,https://github.com/xmuSistone/AnimRichEditor,2015-10-14T01:17:07Z,977,0,7.934246575342466
MDEwOlJlcG9zaXRvcnkyMTE0Njc0NjM=,9a3abc64-0f9e-489d-b7c9-72396001e3e5,algorithm004-01/algorithm004-01,https://github.com/algorithm004-01/algorithm004-01,2019-09-28T08:15:20Z,974,0,3.9753424657534246
MDEwOlJlcG9zaXRvcnk2NjMxMTE2Nw==,1f63f933-971a-4c9c-ba6c-18449b9c766d,microsoft/mssql-jdbc,https://github.com/microsoft/mssql-jdbc,2016-08-22T21:58:47Z,974,74,7.076712328767123
MDEwOlJlcG9zaXRvcnk2NzM1NDYw,f0652c74-d17b-4c19-bea2-316006e90d6a,good-life/PushTalk,https://github.com/good-life/PushTalk,2012-11-17T13:22:33Z,968,1,10.841095890410958
MDEwOlJlcG9zaXRvcnkxNDI3NTg3NQ==,33f8fb60-3471-4c50-891f-7769d64d1d38,jpardogo/ListBuddies,https://github.com/jpardogo/ListBuddies,2013-11-10T12:21:00Z,963,0,9.86027397260274
R_kgDOGPvCOw,5c99bc59-4979-4dd3-ae80-895254e9ac32,onthegomap/planetiler,https://github.com/onthegomap/planetiler,2021-10-20T01:59:38Z,962,8,1.912328767123288
MDEwOlJlcG9zaXRvcnkxMTE2NjYxNDE=,63576d00-f331-4a46-aae0-6ceb66d715fe,pqpo/Log4a,https://github.com/pqpo/Log4a,2017-11-22T09:53:31Z,956,5,5.824657534246575
MDEwOlJlcG9zaXRvcnk3NjA5NTg4MQ==,d395e655-b84f-40ac-ba6b-4bc7e2c3da50,czy1121/settingscompat,https://github.com/czy1121/settingscompat,2016-12-10T06:50:00Z,955,6,6.7753424657534245
MDEwOlJlcG9zaXRvcnkxNDc1NjYxMTk=,d23667d9-2bb2-4cc3-ab59-846b5c7c7837,JetBrains/JetBrainsRuntime,https://github.com/JetBrains/JetBrainsRuntime,2018-09-05T19:02:09Z,954,96,5.038356164383561
MDEwOlJlcG9zaXRvcnk5NzgzOA==,fba38410-2fd7-467a-af1f-faec42bfad9e,kungfoo/geohash-java,https://github.com/kungfoo/geohash-java,2008-12-29T09:30:32Z,953,0,14.728767123287671
MDEwOlJlcG9zaXRvcnkzMDM3NjQ3,ad0d3bf4-15ae-4362-ac87-3ee6760e0ea0,Gottox/socket.io-java-client,https://github.com/Gottox/socket.io-java-client,2011-12-23T00:51:23Z,948,0,11.745205479452055
MDEwOlJlcG9zaXRvcnk1ODQ4NjU4NQ==,119d49e5-86f5-4235-a4af-85b03606559f,diegodobelo/AndroidExpandingViewLibrary,https://github.com/diegodobelo/AndroidExpandingViewLibrary,2016-05-10T19:04:35Z,946,0,7.361643835616438
MDEwOlJlcG9zaXRvcnkxNDgzNjQxMg==,8eff0936-df2f-47d0-ba73-08c44559b6c3,JustinSDK/JavaSE6Tutorial,https://github.com/JustinSDK/JavaSE6Tutorial,2013-12-01T09:37:33Z,941,0,9.802739726027395
MDEwOlJlcG9zaXRvcnkzMTIzMTg0Ng==,4d231ebb-cfc2-40d6-8d6b-60573f853bf0,aol/micro-server,https://github.com/aol/micro-server,2015-02-23T21:54:25Z,941,53,8.572602739726028
MDEwOlJlcG9zaXRvcnk3NTQ1MjI0Mw==,df5bfd53-3c51-4ca4-8d44-64898fc8cc8e,android-notes/androidScreenShare,https://github.com/android-notes/androidScreenShare,2016-12-03T04:46:10Z,941,0,6.794520547945205
MDEwOlJlcG9zaXRvcnk4Njg5NzM2MA==,63c3afd9-38ae-426e-b80f-9cbdc4c776c8,linisme/SlimAdapter,https://github.com/linisme/SlimAdapter,2017-04-01T08:23:04Z,937,0,6.468493150684932
MDEwOlJlcG9zaXRvcnk4OTEwMjQz,8ebadbe2-e0b4-4fc4-89a1-3a1dcd43eb68,microsoftarchive/android-sliding-layer-lib,https://github.com/microsoftarchive/android-sliding-layer-lib,2013-03-20T17:31:30Z,932,0,10.504109589041096
MDEwOlJlcG9zaXRvcnkxNTUyNjAx,e6911751-bc6d-4edc-ac69-48a4138aeac8,crashub/crash,https://github.com/crashub/crash,2011-03-31T20:26:03Z,924,0,12.476712328767125
MDEwOlJlcG9zaXRvcnkxMjcwODQ0Mw==,dac611ec-da77-4352-9a11-c3573fc0a6ea,askerov/DynamicGrid,https://github.com/askerov/DynamicGrid,2013-09-09T17:59:04Z,921,0,10.03013698630137
MDEwOlJlcG9zaXRvcnkzNTY0OTU1,29ece9c2-4819-4d76-9262-ca118f3a7d42,locationtech/spatial4j,https://github.com/locationtech/spatial4j,2012-02-27T21:22:30Z,915,1,11.564383561643837
MDEwOlJlcG9zaXRvcnk1NzM3NTY4Nw==,1b3eaf50-e4b8-4465-995f-de54fa00d70e,crosswall/Android-Coverflow,https://github.com/crosswall/Android-Coverflow,2016-04-29T10:07:42Z,915,0,7.391780821917808
MDEwOlJlcG9zaXRvcnkyMDY1NjAzMg==,4055f96c-ec7c-49c3-aec5-de4eb69964f7,structurizr/java,https://github.com/structurizr/java,2014-06-09T17:44:57Z,914,86,9.282191780821918
MDEwOlJlcG9zaXRvcnkxMDU1MDIyMQ==,57433b79-585f-43a2-ab38-614332cdb1ff,dmfs/opentasks,https://github.com/dmfs/opentasks,2013-06-07T13:18:53Z,907,24,10.287671232876711
MDEwOlJlcG9zaXRvcnkxMDI4MDAyNDM=,b62d1e30-2aac-4b34-9a6f-16c4b0aeb305,kawhii/sso,https://github.com/kawhii/sso,2017-09-08T00:51:07Z,904,16,6.03013698630137
MDEwOlJlcG9zaXRvcnkyNTcyNDAyMTg=,443949c5-c9c0-4bcd-9272-6eacc265db0c,apache/flink-training,https://github.com/apache/flink-training,2020-04-20T10:01:03Z,712,0,3.4136986301369863
MDEwOlJlcG9zaXRvcnkxMTc0NDM3MDc=,31469579-10c7-446b-b331-a9f7cac4f7db,listenzz/AndroidNavigation,https://github.com/listenzz/AndroidNavigation,2018-01-14T15:48:47Z,708,0,5.67945205479452
MDEwOlJlcG9zaXRvcnkxNjE2NzQxNTY=,cc8f2d1f-748e-4b92-abdb-76f729c45d6a,natario1/Transcoder,https://github.com/natario1/Transcoder,2018-12-13T17:42:20Z,704,17,4.767123287671233
MDEwOlJlcG9zaXRvcnkxMTY4MDYyODE=,be5b828c-8ffb-4223-9df0-1fcfa4c66d39,minetsh/Imaging,https://github.com/minetsh/Imaging,2018-01-09T11:16:03Z,703,0,5.693150684931507
MDEwOlJlcG9zaXRvcnk4NDQyNzg2Ng==,fb1a3b0d-b919-4dc2-a8f6-6412a063a68e,chaokunyang/microservices-event-sourcing,https://github.com/chaokunyang/microservices-event-sourcing,2017-03-09T10:13:00Z,701,2,6.531506849315068
MDEwOlJlcG9zaXRvcnkyMDY0MTI=,6995c0b5-14e7-4e70-8b1d-a7dc87b31569,apache/wicket,https://github.com/apache/wicket,2009-05-21T01:51:51Z,699,0,14.336986301369864
MDEwOlJlcG9zaXRvcnk1MDc0ODA3NA==,a7d092fc-51c8-4d7b-80b8-ac590a3d0763,edvin/fxlauncher,https://github.com/edvin/fxlauncher,2016-01-30T22:31:39Z,695,13,7.638356164383562
MDEwOlJlcG9zaXRvcnkxMDQ1MTI0OTc=,a744103b-571f-4e94-9d65-36b9ae51006f,facebookincubator/Battery-Metrics,https://github.com/facebookincubator/Battery-Metrics,2017-09-22T19:43:14Z,694,0,5.991780821917808
MDEwOlJlcG9zaXRvcnkyOTE2MDEzODk=,ef40c965-4bdc-4cf7-b0c1-6368ceb4fa02,Maskhe/FastjsonScan,https://github.com/Maskhe/FastjsonScan,2020-08-31T03:07:44Z,694,1,3.0493150684931507
MDEwOlJlcG9zaXRvcnk5NzMwNTgwNw==,25123cf9-1a86-4dc5-85eb-089303169d6a,jiangdongguo/KeepingAppAlive,https://github.com/jiangdongguo/KeepingAppAlive,2017-07-15T09:30:23Z,692,0,6.18082191780822
MDEwOlJlcG9zaXRvcnkzNjg4MDAz,8d8a97a0-e403-4791-b828-6f3757dcc94d,antonyt/InfiniteViewPager,https://github.com/antonyt/InfiniteViewPager,2012-03-11T16:44:58Z,692,0,11.528767123287672
MDEwOlJlcG9zaXRvcnkzMzk3MjgzNw==,8c29f652-ae33-465c-af60-4d975d4f582c,armzilla/amazon-echo-ha-bridge,https://github.com/armzilla/amazon-echo-ha-bridge,2015-04-15T04:18:35Z,689,7,8.432876712328767
R_kgDOHInCwQ,c48092d5-d849-4d82-8eb7-9c8e0b2db85a,zhangchuangiie/SimpleMybatis,https://github.com/zhangchuangiie/SimpleMybatis,2022-04-07T01:55:05Z,684,0,1.4493150684931506
MDEwOlJlcG9zaXRvcnk2MjQ4MzAzMw==,701c7b1e-650c-4109-9445-f1b71089287d,dromara/mendmix,https://github.com/dromara/mendmix,2016-07-03T05:38:18Z,682,1,7.213698630136986
MDEwOlJlcG9zaXRvcnk0MDIxMzgwOQ==,ee1ddd76-9a0d-42c6-8867-e62132395060,getodk/collect,https://github.com/getodk/collect,2015-08-04T23:21:33Z,678,242,8.126027397260273
MDEwOlJlcG9zaXRvcnk1MTIyMDIx,3a3c20e0-9106-40da-bfab-969cbd77bc22,facebookarchive/jcommon,https://github.com/facebookarchive/jcommon,2012-07-20T10:38:33Z,677,0,11.169863013698633
MDEwOlJlcG9zaXRvcnk4OTMyMDk5OQ==,81ece8c0-68e7-4ca9-999e-abc71e1b58be,mwajeeh/AnimationsPlayground,https://github.com/mwajeeh/AnimationsPlayground,2017-04-25T05:30:54Z,676,0,6.402739726027397
MDEwOlJlcG9zaXRvcnkxNDQ2NzI0MDU=,262afe6a-7cd4-40ad-b5af-97ea7edbf1b4,SelfZhangTQ/T-MVVM,https://github.com/SelfZhangTQ/T-MVVM,2018-08-14T05:24:22Z,672,1,5.098630136986301
MDEwOlJlcG9zaXRvcnkyOTM3NTg1NzA=,1025c743-e9d6-476d-9c62-507c5e2710e5,c0ny1/java-memshell-scanner,https://github.com/c0ny1/java-memshell-scanner,2020-09-08T09:09:06Z,671,0,3.0273972602739727
MDEwOlJlcG9zaXRvcnk5NTE5MzAyNw==,40360c86-627e-4233-8ec9-83432d1786da,fxllong/fisher,https://github.com/fxllong/fisher,2017-06-23T07:05:35Z,669,1,6.241095890410959
MDEwOlJlcG9zaXRvcnkxMzk1NDcyODE=,73e9d779-fbee-429c-946d-8e31e26e2f9c,nccgroup/BurpSuiteHTTPSmuggler,https://github.com/nccgroup/BurpSuiteHTTPSmuggler,2018-07-03T07:47:58Z,667,1,5.213698630136986
MDEwOlJlcG9zaXRvcnkyNDYwOTA0Njc=,9d38da30-7b71-4da6-bf39-405edcaec259,EiletXie/cloud2020,https://github.com/EiletXie/cloud2020,2020-03-09T16:45:50Z,667,0,3.5287671232876714
MDEwOlJlcG9zaXRvcnk5NTYyMTkyMw==,90b0ff7a-1f74-4e96-89dc-8e2f0801a58c,ccj659/PopsTabView,https://github.com/ccj659/PopsTabView,2017-06-28T02:46:46Z,666,4,6.227397260273973
MDEwOlJlcG9zaXRvcnkxMDEyNTE3NDI=,e0d3087d-b4d3-45b3-b194-28f5a58341f0,sunfusheng/DroidVR,https://github.com/sunfusheng/DroidVR,2017-08-24T03:50:25Z,662,0,6.071232876712329
MDEwOlJlcG9zaXRvcnk4MTM5Mjc4NA==,ec5060d8-56a9-4a70-b3c4-ac973f3f5374,nanchen2251/StudyForAndroid,https://github.com/nanchen2251/StudyForAndroid,2017-02-09T00:59:21Z,659,0,6.608219178082192
MDEwOlJlcG9zaXRvcnk2MjU3NjQzMQ==,cf7f4adb-6dcd-44c5-928b-37f81379d67e,hypeapps/Endoscope,https://github.com/hypeapps/Endoscope,2016-07-04T16:50:17Z,654,0,7.210958904109589
MDEwOlJlcG9zaXRvcnk5NjY4MzEwMg==,57c1fdbb-eea4-40ab-9d97-c7044b98a19f,AviranAbady/CookieBar2,https://github.com/AviranAbady/CookieBar2,2017-07-09T12:33:27Z,653,4,6.197260273972603
MDEwOlJlcG9zaXRvcnkyMTU3MTA0,91db522c-ba7b-4cf1-bf9f-73aced7ec36e,UNIVALI-LITE/Portugol-Studio,https://github.com/UNIVALI-LITE/Portugol-Studio,2011-08-04T21:14:26Z,653,14,12.131506849315068
MDEwOlJlcG9zaXRvcnkxMjM0OTE2OQ==,62dc82b8-4abb-41b6-9007-f1d989f9a84a,klinker41/android-smsmms,https://github.com/klinker41/android-smsmms,2013-08-24T20:09:36Z,651,10,10.073972602739726
MDEwOlJlcG9zaXRvcnk3NDk1ODc0OQ==,d32600f5-6bff-45e6-b1f0-a85e3817ab4c,vivian8725118/ZXingGenerator,https://github.com/vivian8725118/ZXingGenerator,2016-11-28T09:46:37Z,648,0,6.808219178082192
MDEwOlJlcG9zaXRvcnk2MTA1NjIxOQ==,6df7b6d8-365e-48a0-bc33-4bb09663cd6f,javiersantos/BottomDialogs,https://github.com/javiersantos/BottomDialogs,2016-06-13T17:29:37Z,647,5,7.2684931506849315
MDEwOlJlcG9zaXRvcnk3MzM2MjA2OA==,93583e51-31ba-4c50-928a-fc5af1718772,mikemelon/java-exam,https://github.com/mikemelon/java-exam,2016-11-10T08:33:01Z,645,0,6.857534246575343
MDEwOlJlcG9zaXRvcnkxOTM3MTQxNw==,cd302250-1e96-440a-8c5b-498110069678,quentin23soleil/SuperListview,https://github.com/quentin23soleil/SuperListview,2014-05-02T09:47:22Z,645,0,9.386301369863014
MDEwOlJlcG9zaXRvcnk1Mzk2NDYy,73d2ac34-a1de-43f2-ba66-86019f8c4eb4,mobileresearch/weibo_android_sdk,https://github.com/mobileresearch/weibo_android_sdk,2012-08-13T08:17:13Z,644,0,11.104109589041096
MDEwOlJlcG9zaXRvcnk3NTI2OTY2NQ==,25dcbbe7-9a3d-4f91-8db5-7ad4f1fbe16d,google-developer-training/android-fundamentals,https://github.com/google-developer-training/android-fundamentals,2016-12-01T08:03:21Z,642,0,6.8
MDEwOlJlcG9zaXRvcnk2NzAyMjU5MQ==,1f3ad4ea-cc2c-45ab-aa20-d092af1bd011,Cleveroad/FireworkyPullToRefresh,https://github.com/Cleveroad/FireworkyPullToRefresh,2016-08-31T09:16:23Z,641,0,7.052054794520548
MDEwOlJlcG9zaXRvcnk5NzU3NDcz,198c2f1e-b5f9-4499-8ecd-36160af2a81d,AndroidAlliance/EdgeEffectOverride,https://github.com/AndroidAlliance/EdgeEffectOverride,2013-04-29T20:36:55Z,641,0,10.394520547945206
MDEwOlJlcG9zaXRvcnkzMzEwMDc4Mw==,5a836eb6-dfe8-49e8-8158-4d75574f19c7,shevek/jarjar,https://github.com/shevek/jarjar,2015-03-30T03:12:01Z,640,0,8.476712328767123
MDEwOlJlcG9zaXRvcnk0ODYyOTY1OA==,97e7a9a7-f59b-4e01-9572-b5f2286c6cea,nuptboyzhb/AndroidPluginFramework,https://github.com/nuptboyzhb/AndroidPluginFramework,2015-12-27T02:05:59Z,640,0,7.7315068493150685
MDEwOlJlcG9zaXRvcnkxMTQ5NDE2NQ==,db7e7589-cc16-4304-a0d3-53724998833d,ikew0ng/Dribbo,https://github.com/ikew0ng/Dribbo,2013-07-18T04:24:29Z,636,0,10.175342465753424
MDEwOlJlcG9zaXRvcnkyMDI5NTA1,01eb7ffe-304c-4660-9683-45cb7ad7f05a,erikwt/PullToRefresh-ListView,https://github.com/erikwt/PullToRefresh-ListView,2011-07-11T09:53:21Z,636,0,12.197260273972605
MDEwOlJlcG9zaXRvcnk1NzAzNzM3NQ==,7c8cf8d1-74e1-4a49-9c3a-f3422062eb99,Devlight/ShadowLayout,https://github.com/Devlight/ShadowLayout,2016-04-25T11:47:20Z,632,3,7.402739726027397
MDEwOlJlcG9zaXRvcnkzMjE0ODUzOA==,33b39661-0d33-40b6-9a1e-7fc6fe7e4b04,PaNaVTEC/Clean-Contacts,https://github.com/PaNaVTEC/Clean-Contacts,2015-03-13T09:56:50Z,625,0,8.523287671232877
MDEwOlJlcG9zaXRvcnkxMTc0NTkz,2eaeba85-6a30-4ade-b98d-2f0ebed612a8,spring-attic/spring-hadoop,https://github.com/spring-attic/spring-hadoop,2010-12-16T16:42:11Z,624,0,12.764383561643836
MDEwOlJlcG9zaXRvcnkxMjUxNDk2Mzg=,d5c3bdfe-eea6-4ae4-b659-c9bdcd945614,tomsun28/bootshiro,https://github.com/tomsun28/bootshiro,2018-03-14T03:26:20Z,624,0,5.517808219178082
MDEwOlJlcG9zaXRvcnkzODc2MDk5MDk=,f4decf65-90df-4128-9672-7da41abaae9b,cami-la/desafio-poo-dio,https://github.com/cami-la/desafio-poo-dio,2021-07-19T22:33:16Z,622,0,2.1671232876712327
MDEwOlJlcG9zaXRvcnkxMjEwMDYwNDA=,184308b3-24ae-462a-a2b6-f9ab6b8642ff,yatoooon/AndroidScreenAdaptation,https://github.com/yatoooon/AndroidScreenAdaptation,2018-02-10T10:29:52Z,621,0,5.605479452054794
MDEwOlJlcG9zaXRvcnk2MTkyNTEwMA==,22db6460-4b58-4ab9-8b7b-c64150e7b96a,corbt/react-native-keep-awake,https://github.com/corbt/react-native-keep-awake,2016-06-25T03:27:40Z,616,0,7.235616438356164
MDEwOlJlcG9zaXRvcnkxMTM0MTY4NTQ=,5bd5c2e4-a5c7-4095-a505-eaa2da551ff4,OCNYang/PageTransformerHelp,https://github.com/OCNYang/PageTransformerHelp,2017-12-07T07:20:43Z,615,2,5.7835616438356166
MDEwOlJlcG9zaXRvcnk0OTcyMDI3Ng==,1a46a379-9a27-4cfd-99bc-f3861f136072,AleBarreto/DragRecyclerView,https://github.com/AleBarreto/DragRecyclerView,2016-01-15T13:27:14Z,615,0,7.67945205479452
MDEwOlJlcG9zaXRvcnkyNzY1Nzc4Ng==,87e00512-45f9-4fec-8e87-0e22781e3d1a,happyfish100/fastdfs-client-java,https://github.com/happyfish100/fastdfs-client-java,2014-12-07T03:19:50Z,1570,0,8.786301369863013
MDEwOlJlcG9zaXRvcnkyNzAyMTE1Mg==,d9a4d03b-2bb0-4641-b0b9-cde0375b0cb9,houkx/android-pluginmgr,https://github.com/houkx/android-pluginmgr,2014-11-23T03:46:47Z,1566,0,8.824657534246576
MDEwOlJlcG9zaXRvcnkxMDMzNjE0,2e476696-a9f7-4e9b-82a2-ae8b02b37f2c,functionaljava/functionaljava,https://github.com/functionaljava/functionaljava,2010-10-29T00:19:26Z,1561,0,12.895890410958904
MDEwOlJlcG9zaXRvcnkxNjYzNjE2ODQ=,e88f3202-8fdb-4c2a-8be3-134966e37543,bit4woo/domain_hunter_pro,https://github.com/bit4woo/domain_hunter_pro,2019-01-18T07:15:15Z,1542,11,4.668493150684932
MDEwOlJlcG9zaXRvcnkxNDk2NTA0OA==,070720c0-7954-445a-99a3-ba27d5abc0d5,RuedigerMoeller/fast-serialization,https://github.com/RuedigerMoeller/fast-serialization,2013-12-05T20:36:00Z,1540,67,9.791780821917808
MDEwOlJlcG9zaXRvcnkyNjU2ODQ1MzU=,72c0d7d3-8678-4d32-b562-af8519885af6,kurogai/100-redteam-projects,https://github.com/kurogai/100-redteam-projects,2020-05-20T20:57:38Z,1538,0,3.331506849315069
MDEwOlJlcG9zaXRvcnk5OTMxMzUwNw==,7ac9fa98-722d-4358-8aba-51e378d19c2d,MyCATApache/Mycat2,https://github.com/MyCATApache/Mycat2,2017-08-04T06:58:32Z,1535,50,6.126027397260274
MDEwOlJlcG9zaXRvcnk2MDQ2OTQ0Nw==,a9ef29c6-ee5a-4219-bb2a-a77c878147b1,sjwall/MaterialTapTargetPrompt,https://github.com/sjwall/MaterialTapTargetPrompt,2016-06-05T16:24:53Z,1533,66,7.290410958904109
MDEwOlJlcG9zaXRvcnk5NDYxMzU1Mw==,8a8848da-5e4f-4a67-9ac7-9d3fc3506c0f,zhisheng17/blog,https://github.com/zhisheng17/blog,2017-06-17T09:26:59Z,1532,0,6.257534246575342
MDEwOlJlcG9zaXRvcnk1MzU5NTc3Mg==,c7b1beac-a8d2-4906-bca0-bda889c43f5e,mattia-battiston/clean-architecture-example,https://github.com/mattia-battiston/clean-architecture-example,2016-03-10T15:34:36Z,1530,0,7.528767123287671
MDEwOlJlcG9zaXRvcnk0ODk4MDk3Nw==,402d06bd-37d9-460b-b5d6-bdefd6afe1fb,yuweiguocn/GreenDaoUpgradeHelper,https://github.com/yuweiguocn/GreenDaoUpgradeHelper,2016-01-04T07:18:02Z,1520,13,7.70958904109589
MDEwOlJlcG9zaXRvcnk4NTY3MDM=,d36f0b25-0dac-43ef-8073-7289eab3e40c,mongodb/mongo-hadoop,https://github.com/mongodb/mongo-hadoop,2010-08-23T14:05:51Z,1519,16,13.07945205479452
MDEwOlJlcG9zaXRvcnk2NDQ1MDgy,63653098-479e-4c5a-bb3d-75367e1f3a41,Chainfire/libsuperuser,https://github.com/Chainfire/libsuperuser,2012-10-29T18:01:25Z,1514,0,10.893150684931507
MDEwOlJlcG9zaXRvcnkxODU5MDgxMzM=,5f2541ca-1995-47f1-a24c-379d17860e77,gnembon/fabric-carpet,https://github.com/gnembon/fabric-carpet,2019-05-10T02:54:10Z,1510,101,4.361643835616438
MDEwOlJlcG9zaXRvcnk3MDUxODk2NA==,34893bd3-e9d9-4e47-a136-a54a22630643,patrickfav/uber-apk-signer,https://github.com/patrickfav/uber-apk-signer,2016-10-10T18:56:44Z,1499,18,6.942465753424657
MDEwOlJlcG9zaXRvcnkyNjgwNjAzNw==,e64ec0c5-5082-4ffb-a7ef-23834ecd21c0,gaopu/Java,https://github.com/gaopu/Java,2014-11-18T11:25:02Z,1497,0,8.838356164383562
MDEwOlJlcG9zaXRvcnk0NDA3MjcxMQ==,a5a3d841-a96e-41be-b46d-1e0180957428,JonathanLink/PDFLayoutTextStripper,https://github.com/JonathanLink/PDFLayoutTextStripper,2015-10-11T22:49:10Z,1493,8,7.93972602739726
MDEwOlJlcG9zaXRvcnk0NzExMTIzMA==,2694fa39-2c95-46fd-935a-190b81d89b69,bamlab/react-native-image-resizer,https://github.com/bamlab/react-native-image-resizer,2015-11-30T10:23:11Z,1492,34,7.805479452054794
MDEwOlJlcG9zaXRvcnkyMzg3OTI1MQ==,3b0d6949-5a19-4a59-b3be-b999f73b45c5,traex/CalendarListview,https://github.com/traex/CalendarListview,2014-09-10T15:11:59Z,1486,0,9.027397260273972
MDEwOlJlcG9zaXRvcnk2MjA1Njc4MA==,19720ee7-d9c6-4ebd-9985-bd75e06dd261,eclipse-jdtls/eclipse.jdt.ls,https://github.com/eclipse-jdtls/eclipse.jdt.ls,2016-06-27T13:06:53Z,1484,1,7.23013698630137
R_kgDOJcVKYQ,2a4bc9fb-2cca-46f7-80d4-8958c8540d34,alipay/fury,https://github.com/alipay/fury,2023-04-28T03:57:00Z,1475,2,0.3917808219178082
MDEwOlJlcG9zaXRvcnkyODQ2NDg4Nw==,d2e196a3-fb6c-4ddb-958d-ebbd42eab3fb,dkim0419/SoundRecorder,https://github.com/dkim0419/SoundRecorder,2014-12-24T23:43:30Z,1473,3,8.736986301369862
MDEwOlJlcG9zaXRvcnk5NDI3MjA4NQ==,f9bff5f3-3889-4232-8739-181be9c49e4c,yannecer/NCalendar,https://github.com/yannecer/NCalendar,2017-06-14T00:50:12Z,1469,9,6.265753424657534
MDEwOlJlcG9zaXRvcnk0NDgyMDIxNw==,a5d8f43f-f4cb-4e10-98c9-18754e26619e,fengjiachun/Jupiter,https://github.com/fengjiachun/Jupiter,2015-10-23T15:04:14Z,1468,11,7.909589041095891
MDEwOlJlcG9zaXRvcnk1MjMzMTc4OA==,91391d03-7fc4-45bf-b458-8a6d283d1b67,xiepeijie/SwipeCardView,https://github.com/xiepeijie/SwipeCardView,2016-02-23T05:06:06Z,1465,0,7.572602739726028
MDEwOlJlcG9zaXRvcnk0NDM2NzAz,94d94afe-238a-4ab4-976a-2aea45af5565,vekexasia/android-edittext-validator,https://github.com/vekexasia/android-edittext-validator,2012-05-24T19:02:41Z,1457,3,11.326027397260274
MDEwOlJlcG9zaXRvcnkxMTMxMjY5MDE=,b9ae8665-bfa7-43b0-b88c-b6644a9ff8b8,alibaba/Virtualview-Android,https://github.com/alibaba/Virtualview-Android,2017-12-05T03:25:05Z,1451,29,5.789041095890411
MDEwOlJlcG9zaXRvcnkzODA5ODAzNA==,dfe7034f-54f1-46c9-9564-a3f7eb190f1f,pili-engineering/PLDroidMediaStreaming,https://github.com/pili-engineering/PLDroidMediaStreaming,2015-06-26T07:46:52Z,1443,55,8.235616438356164
MDEwOlJlcG9zaXRvcnk3NDcyMjY2Ng==,e1266880-c266-478a-91ce-157ff139e751,SpinyTech/ModularizationArchitecture,https://github.com/SpinyTech/ModularizationArchitecture,2016-11-25T03:29:54Z,1441,0,6.816438356164384
MDEwOlJlcG9zaXRvcnk2MTMwNjYwOQ==,2e838b51-16b6-4fd0-b8f4-e086a40cc30f,HoneyNeutrons/RecyclerViewUndoSwipe,https://github.com/HoneyNeutrons/RecyclerViewUndoSwipe,2016-06-16T15:50:36Z,1441,1,7.260273972602739
MDEwOlJlcG9zaXRvcnkxMzQxNDE2MzU=,29fd42f4-45ce-46cf-9f76-aea99a2bdddf,x0b/rcx,https://github.com/x0b/rcx,2018-05-20T10:41:17Z,1441,23,5.3342465753424655
MDEwOlJlcG9zaXRvcnk5ODY2NjEyMA==,3c865451-deaf-4a27-8051-60b3b6189bc2,federicodotta/Brida,https://github.com/federicodotta/Brida,2017-07-28T16:07:31Z,1440,8,6.145205479452055
MDEwOlJlcG9zaXRvcnk0Mzc2MDEwNA==,dc40ab85-8c6c-40e4-bf90-530e386fb74f,metasfresh/metasfresh,https://github.com/metasfresh/metasfresh,2015-10-06T15:38:11Z,1434,130,7.956164383561644
MDEwOlJlcG9zaXRvcnkxNjI1NDM0MjY=,d362d2dd-2780-4c4d-aa72-0de768a466f4,x-ream/rey,https://github.com/x-ream/rey,2018-12-20T07:35:22Z,1430,3,4.747945205479452
MDEwOlJlcG9zaXRvcnkxMzk5MDc2MTM=,0b1b615a-6772-4a51-9f27-bc93a259fcda,MarquezProject/marquez,https://github.com/MarquezProject/marquez,2018-07-05T22:43:20Z,1425,44,5.205479452054795
MDEwOlJlcG9zaXRvcnkyODExNzA5NTQ=,a122f48c-c34d-47c9-b67a-e42ac4e97e0f,spring-projects/spring-graphql,https://github.com/spring-projects/spring-graphql,2020-07-20T16:35:00Z,1423,21,3.164383561643836
MDEwOlJlcG9zaXRvcnk0ODE4MTcyOA==,325d9774-5757-4e32-924c-7d0ac877ee40,vector-im/riot-android,https://github.com/vector-im/riot-android,2015-12-17T15:18:05Z,1413,43,7.758904109589041
MDEwOlJlcG9zaXRvcnk2Mjg2MzYxMQ==,ef0427a3-6ddf-48e2-89dc-ad162a2d518b,wosyingjun/beauty_ssm,https://github.com/wosyingjun/beauty_ssm,2016-07-08T06:14:46Z,1407,0,7.2
MDEwOlJlcG9zaXRvcnk2MDAwMDQ2OQ==,7f35e676-e796-48af-b515-826bf7294d5f,venshine/BezierMaker,https://github.com/venshine/BezierMaker,2016-05-30T10:07:54Z,1397,0,7.306849315068493
MDEwOlJlcG9zaXRvcnk1MzEyNDg2,a97b554e-0e43-45cf-a9d0-162ed000bc3a,johnkil/Android-AppMsg,https://github.com/johnkil/Android-AppMsg,2012-08-06T09:51:12Z,1371,4,11.123287671232877
MDEwOlJlcG9zaXRvcnkxMTQ2OTkyNzM=,4e47c495-f8bc-45bd-96d3-01caf19bbbee,openaudible/openaudible,https://github.com/openaudible/openaudible,2017-12-18T23:54:26Z,1368,96,5.750684931506849
MDEwOlJlcG9zaXRvcnkxNTMyMjQwNDI=,e5024d93-2de5-431f-8b37-9362a551c106,ManbangGroup/Phantom,https://github.com/ManbangGroup/Phantom,2018-10-16T04:46:06Z,1337,1,4.926027397260274
MDEwOlJlcG9zaXRvcnkyMTE3MTA1MjM=,6a5f2dee-82b1-4e60-8d05-ca78d41cb08c,blaisewang/img2latex-mathpix,https://github.com/blaisewang/img2latex-mathpix,2019-09-29T18:52:34Z,1334,28,3.9726027397260273
MDEwOlJlcG9zaXRvcnk0MjM2MDk0Mg==,7b7b1d17-26f7-4a45-baa0-f014e23299a7,saulmm/CoordinatorExamples,https://github.com/saulmm/CoordinatorExamples,2015-09-12T15:01:53Z,1320,0,8.021917808219179
MDEwOlJlcG9zaXRvcnk0NTY2MjMzMA==,aff6a096-3f51-44be-9f6b-6a570e3e0781,sensorsdata/sa-sdk-android,https://github.com/sensorsdata/sa-sdk-android,2015-11-06T05:55:26Z,1222,254,7.871232876712328
MDEwOlJlcG9zaXRvcnkxNjI4MTc2OTE=,450e8205-4656-4007-a8ac-9e599d8a5797,MegatronKing/NetBare-Android,https://github.com/MegatronKing/NetBare-Android,2018-12-22T14:26:46Z,1220,0,4.742465753424658
MDEwOlJlcG9zaXRvcnkzNTk3Mzk5OA==,e5ad64e9-31ff-429f-b895-05f73d512381,bignerdranch/expandable-recycler-view,https://github.com/bignerdranch/expandable-recycler-view,2015-05-20T21:01:26Z,1216,10,8.336986301369864
MDEwOlJlcG9zaXRvcnkxMDg4MDg2Mw==,7ec2a20c-3874-451b-b63c-44c77f8ae14f,ManuelPeinado/GlassActionBar,https://github.com/ManuelPeinado/GlassActionBar,2013-06-23T08:44:04Z,1215,1,10.243835616438355
MDEwOlJlcG9zaXRvcnkxNjM4MTU3OQ==,004ab3e1-346e-4a87-8024-d4ee01a156a3,MyCollab/mycollab,https://github.com/MyCollab/mycollab,2014-01-30T15:43:08Z,1195,65,9.63835616438356
MDEwOlJlcG9zaXRvcnkzNTUyMzI0NDE=,6b1c4d0b-394a-4f13-b980-fff4dbf8e9d7,kaaass/ZerotierFix,https://github.com/kaaass/ZerotierFix,2021-04-06T15:07:30Z,1195,14,2.452054794520548
MDEwOlJlcG9zaXRvcnkzMzcyMTE3,9f32c2b7-33a3-4cff-9109-b71f322ffb10,ajanata/PretendYoureXyzzy,https://github.com/ajanata/PretendYoureXyzzy,2012-02-06T23:06:06Z,1189,0,11.61917808219178
MDEwOlJlcG9zaXRvcnk0MTI0NTQ4NA==,f72fd226-dd9c-452d-b1e2-3b9ccbac0b69,tianshaojie/AndroidFine,https://github.com/tianshaojie/AndroidFine,2015-08-23T10:32:49Z,1180,0,8.076712328767123
MDEwOlJlcG9zaXRvcnkxMTEwNDIxNzU=,a1ec901e-3cf3-4068-a276-645d1899d3fb,redhat-scholars/istio-tutorial,https://github.com/redhat-scholars/istio-tutorial,2017-11-17T01:26:56Z,1180,1,5.838356164383562
MDEwOlJlcG9zaXRvcnk0NDI5NDcyNw==,2211a86b-3191-4fc2-a259-59214dbe6e86,vladmihalcea/high-performance-java-persistence,https://github.com/vladmihalcea/high-performance-java-persistence,2015-10-15T04:57:57Z,1174,0,7.931506849315069
MDEwOlJlcG9zaXRvcnkzODc3NzM4NQ==,0bc72599-9c09-41e1-ba79-f2d1544a51e0,jlmd/AnimatedCircleLoadingView,https://github.com/jlmd/AnimatedCircleLoadingView,2015-07-08T20:13:57Z,1170,0,8.202739726027398
MDEwOlJlcG9zaXRvcnkxOTMxOTQxOQ==,13f9b46f-fdfb-446a-a101-e736962014de,mattprecious/telescope,https://github.com/mattprecious/telescope,2014-04-30T16:08:35Z,1169,0,9.391780821917807
MDEwOlJlcG9zaXRvcnkxOTAzNDY0MjU=,78ddefdb-24aa-4502-b2e9-81abbfd13689,TheKingOfDuck/burpFakeIP,https://github.com/TheKingOfDuck/burpFakeIP,2019-06-05T07:24:35Z,1166,2,4.2904109589041095
R_kgDOGmf3oA,ca0f574e-24b6-461d-a62e-ae520a2c1177,WhiteHSBG/JNDIExploit,https://github.com/WhiteHSBG/JNDIExploit,2021-12-30T09:00:16Z,1166,2,1.717808219178082
MDEwOlJlcG9zaXRvcnk1MTM3NzExNQ==,a2d3579a-4125-4d61-88fb-eb5fb087c45c,razerdp/FriendCircle,https://github.com/razerdp/FriendCircle,2016-02-09T15:51:46Z,1155,0,7.610958904109589
MDEwOlJlcG9zaXRvcnk0MzI5NzE0Mw==,d3b65254-270f-4e28-ace5-3c3c3fc6750d,hongyangAndroid/ChangeSkin,https://github.com/hongyangAndroid/ChangeSkin,2015-09-28T11:28:42Z,1149,0,7.978082191780822
MDEwOlJlcG9zaXRvcnk2NTUzODA4Ng==,3f9bbdb8-cbe5-4144-b985-6a47cf1bdd4a,cesardeazevedo/react-native-bottom-sheet-behavior,https://github.com/cesardeazevedo/react-native-bottom-sheet-behavior,2016-08-12T08:43:45Z,1149,17,7.104109589041096
MDEwOlJlcG9zaXRvcnkxMjUzNTg2MTE=,6850d865-5a58-41f1-bd5c-ced0637b76f2,leotyndale/EnFloatingView,https://github.com/leotyndale/EnFloatingView,2018-03-15T11:40:59Z,1144,0,5.515068493150685
MDEwOlJlcG9zaXRvcnk1MzkzODY3NQ==,23064399-b206-4afb-9a6b-be3467c0608c,sayyam/carouselview,https://github.com/sayyam/carouselview,2016-03-15T11:22:18Z,1141,0,7.515068493150685
MDEwOlJlcG9zaXRvcnkxMDg3MTk4MzM=,9e11d0c9-6fd3-4c47-95d3-e088167bad87,skydoves/PowerMenu,https://github.com/skydoves/PowerMenu,2017-10-29T09:08:27Z,1141,20,5.890410958904109
MDEwOlJlcG9zaXRvcnk0NDkxNTgyMg==,30a56bbe-7359-4555-843d-f791ef80aabd,AndreiD/TSnackBar,https://github.com/AndreiD/TSnackBar,2015-10-25T15:27:24Z,1127,0,7.904109589041096
MDEwOlJlcG9zaXRvcnkyMjgyOTQxNDg=,9f1ccf20-9127-4e64-9ac7-fb6ba6195e46,AutohomeCorp/frostmourne,https://github.com/AutohomeCorp/frostmourne,2019-12-16T03:22:03Z,1127,11,3.758904109589041
MDEwOlJlcG9zaXRvcnkxOTI1NjAzNQ==,2da6afbb-84d2-4519-a12e-c83bfe5bbf1c,irsdl/IIS-ShortName-Scanner,https://github.com/irsdl/IIS-ShortName-Scanner,2014-04-28T22:25:40Z,1125,0,9.397260273972602
MDEwOlJlcG9zaXRvcnkxNjY3NjQ0OTc=,5f57982d-b1f7-43f1-9dde-4605823e0b04,getActivity/EasyWindow,https://github.com/getActivity/EasyWindow,2019-01-21T07:03:33Z,1121,25,4.66027397260274
MDEwOlJlcG9zaXRvcnk1OTgxMjg3Mw==,27384317-d335-4e3f-8326-669682ccda82,xmuSistone/DragRankSquare,https://github.com/xmuSistone/DragRankSquare,2016-05-27T07:13:04Z,1118,0,7.315068493150685
MDEwOlJlcG9zaXRvcnk5NjcwMjMxOQ==,e490a694-ec2b-4d63-9fd5-1bef1357ef97,hencoder/PracticeDraw1,https://github.com/hencoder/PracticeDraw1,2017-07-09T18:11:42Z,1117,0,6.197260273972603
MDEwOlJlcG9zaXRvcnkyMzUzMTIzMg==,789a2f5f-ec2c-4793-9f3a-3af965de83c8,dineshshetty/Android-InsecureBankv2,https://github.com/dineshshetty/Android-InsecureBankv2,2014-09-01T05:07:04Z,1114,4,9.052054794520547
MDEwOlJlcG9zaXRvcnkxMDg4MDU2MDg=,cd9b741d-e5f9-4a56-8fe6-2b32f3fe3eee,cjbi/admin3,https://github.com/cjbi/admin3,2017-10-30T05:25:50Z,1111,0,5.887671232876713
MDEwOlJlcG9zaXRvcnk0NTA2MDU0Ng==,0f26c330-62fa-4f21-94d5-4b57e6767950,sahildave/Search-View-Layout,https://github.com/sahildave/Search-View-Layout,2015-10-27T18:12:12Z,1109,0,7.898630136986301
MDEwOlJlcG9zaXRvcnkxMzIyNTQ1,d291c775-842c-407b-b363-fd222ced57f2,ushahidi/SMSSync,https://github.com/ushahidi/SMSSync,2011-02-03T00:35:27Z,1101,26,12.63013698630137
MDEwOlJlcG9zaXRvcnkyNzUyMzA5Mg==,802262ca-c1ea-410c-8ae9-cdb752b5493c,opennetworkinglab/onos,https://github.com/opennetworkinglab/onos,2014-12-04T04:32:00Z,1100,0,8.794520547945206
MDEwOlJlcG9zaXRvcnkzNzY2MzMw,e6d7e0d3-a76a-46b5-9762-f3c4b3fa151c,pentaho/mondrian,https://github.com/pentaho/mondrian,2012-03-19T17:03:39Z,1098,0,11.506849315068491
MDEwOlJlcG9zaXRvcnk5MjAwMTQyMA==,3bf4ae3c-5cb8-4075-b5f4-580cd143e549,miserydx/FakeBiliBili,https://github.com/miserydx/FakeBiliBili,2017-05-22T01:57:49Z,1095,0,6.328767123287672
MDEwOlJlcG9zaXRvcnk4NjkxNDE0Mw==,dea7c86d-8de1-4900-82ec-9fba492810e2,FuZhucheng/SSM,https://github.com/FuZhucheng/SSM,2017-04-01T13:09:08Z,1095,0,6.468493150684932
MDEwOlJlcG9zaXRvcnkzMDA1MDQy,f3fd7870-817c-4ac4-b675-301e7148e076,kaitoy/pcap4j,https://github.com/kaitoy/pcap4j,2011-12-18T07:47:00Z,1092,0,11.75890410958904
R_kgDOG4GK3w,92614331-f3e7-4df9-9892-5fc61e4c0a48,siavash79/AOSPMods,https://github.com/siavash79/AOSPMods,2022-02-20T12:02:35Z,1083,25,1.5753424657534247
MDEwOlJlcG9zaXRvcnk3Nzg1MTU3Mw==,3aff516e-142c-4942-8cde-2b13d9a2c16e,faizann24/wifi-bruteforcer-fsecurify,https://github.com/faizann24/wifi-bruteforcer-fsecurify,2017-01-02T17:54:33Z,1082,0,6.712328767123288
MDEwOlJlcG9zaXRvcnk1MDg3MzM5Mw==,87ca209f-f588-489d-8c5c-79f7cb5405ac,jfree/jfreechart,https://github.com/jfree/jfreechart,2016-02-01T21:43:12Z,1081,5,7.632876712328767
MDEwOlJlcG9zaXRvcnkxODIwNDI0NTg=,e57c38ef-4953-4cc6-9b32-b15fc0561bf3,18601949127/DiDiCallCar,https://github.com/18601949127/DiDiCallCar,2019-04-18T07:54:36Z,1078,0,4.421917808219178
MDEwOlJlcG9zaXRvcnkyMjE2NTYwNA==,db7775a5-cc5e-4ead-8ad4-6cd1ea7a3c1e,f-droid/fdroidclient,https://github.com/f-droid/fdroidclient,2014-07-23T17:46:02Z,1074,0,9.161643835616438
MDEwOlJlcG9zaXRvcnk5NzM3OTU5Mw==,d21e069f-3341-42ef-b643-772898e89aaf,qqchenjian318/VideoEditor-For-Android,https://github.com/qqchenjian318/VideoEditor-For-Android,2017-07-16T11:45:42Z,1073,0,6.178082191780822
MDEwOlJlcG9zaXRvcnk1NDM1MzU4MA==,82824157-fed7-4b51-aeec-74aedc126c11,ashqal/MD360Player4Android,https://github.com/ashqal/MD360Player4Android,2016-03-21T02:23:25Z,1062,14,7.498630136986302
MDEwOlJlcG9zaXRvcnkxOTc4ODE3NDE=,dd41159d-5361-4719-86ac-bae5f99ce1f3,c0ny1/FastjsonExploit,https://github.com/c0ny1/FastjsonExploit,2019-07-20T04:55:57Z,1057,0,4.167123287671233
MDEwOlJlcG9zaXRvcnkzMzE4NDQ2MzI=,c5e91621-22e9-40d7-a336-7bb5d49d2f51,XiaoMi/mone,https://github.com/XiaoMi/mone,2021-01-22T05:20:18Z,1056,0,2.654794520547945
MDEwOlJlcG9zaXRvcnk1NjUyOTM4Mg==,4f6da249-9d38-428d-8808-17ff1a4278b4,linchaolong/ApkToolPlus,https://github.com/linchaolong/ApkToolPlus,2016-04-18T17:52:39Z,1054,0,7.421917808219178
MDEwOlJlcG9zaXRvcnkxOTMxODgyNTk=,1d207d41-1316-489d-b7de-2de3aa1a53fa,jeecgboot/jeewx-boot,https://github.com/jeecgboot/jeewx-boot,2019-06-22T03:52:24Z,1052,0,4.243835616438356
R_kgDOIdeUAA,762c24d1-d835-421e-956d-e65754156e0e,4ra1n/super-xray,https://github.com/4ra1n/super-xray,2022-11-18T14:52:09Z,1041,17,0.8328767123287671
MDEwOlJlcG9zaXRvcnkyMTYzNDEwMA==,8900f7ac-d223-41c9-bca5-bdc0d5257e0f,aws-amplify/aws-sdk-android,https://github.com/aws-amplify/aws-sdk-android,2014-07-09T00:44:24Z,995,178,9.2
MDEwOlJlcG9zaXRvcnkxMjg0NjY2NQ==,1db8f73a-eb29-434d-ac6b-183f7f6acb23,imbryk/LoopingViewPager,https://github.com/imbryk/LoopingViewPager,2013-09-15T14:28:58Z,988,0,10.013698630136986
MDEwOlJlcG9zaXRvcnkxNjg2MzEyNA==,0a4d5fcf-0b03-4d36-a005-4acb7f44f9c1,DWorkS/VolleyPlus,https://github.com/DWorkS/VolleyPlus,2014-02-15T13:20:21Z,986,0,9.594520547945203
MDEwOlJlcG9zaXRvcnkyNTcyNjI2MjI=,9f9eab48-74be-49ba-9293-f7e3e618c6df,stacksimplify/aws-eks-kubernetes-masterclass,https://github.com/stacksimplify/aws-eks-kubernetes-masterclass,2020-04-20T11:41:14Z,984,0,3.4136986301369863
MDEwOlJlcG9zaXRvcnkxNDM3Njc5OQ==,0cb7883d-dc19-470c-b4d0-090385e01e73,leventov/Koloboke,https://github.com/leventov/Koloboke,2013-11-13T21:21:40Z,983,14,9.852054794520548
MDEwOlJlcG9zaXRvcnkzNzY5NzU=,f946ff76-222a-490a-b639-785679f1d662,psiegman/epublib,https://github.com/psiegman/epublib,2009-11-18T09:37:52Z,980,0,13.841095890410958
MDEwOlJlcG9zaXRvcnk2ODk5Mzg4Mg==,fa49cc4f-3f12-4383-9774-396ecb4f3d58,hss01248/DialogUtil,https://github.com/hss01248/DialogUtil,2016-09-23T06:01:21Z,980,35,6.989041095890411
MDEwOlJlcG9zaXRvcnk2ODAwMTUxMA==,2a6dd5cf-f2b1-48ff-9d4c-596787954679,codemybrainsout/ahoy-onboarding,https://github.com/codemybrainsout/ahoy-onboarding,2016-09-12T11:01:30Z,980,1,7.019178082191781
MDEwOlJlcG9zaXRvcnkzOTQ5MjAxOQ==,c1369cda-56ae-4ea4-972c-319af217f53b,nordnet/cordova-hot-code-push,https://github.com/nordnet/cordova-hot-code-push,2015-07-22T07:27:35Z,978,0,8.164383561643836
MDEwOlJlcG9zaXRvcnkzODE5OTMyMQ==,8f20e314-4db1-4200-bb26-ef047cc02c42,panwrona/DownloadProgressBar,https://github.com/panwrona/DownloadProgressBar,2015-06-28T13:12:04Z,976,2,8.23013698630137
MDEwOlJlcG9zaXRvcnk2MDkxMTE0MA==,fbb374be-f44c-4fb5-b9ca-0fbc74d2f926,bravoborja/FocusResize,https://github.com/bravoborja/FocusResize,2016-06-11T14:32:44Z,973,0,7.273972602739726
MDEwOlJlcG9zaXRvcnk2MzEwNjgzOQ==,3d37279e-25e8-4d57-a280-e592d53eb63c,Slyce-Inc/SlyceMessaging,https://github.com/Slyce-Inc/SlyceMessaging,2016-07-11T22:31:43Z,968,10,7.191780821917808
R_kgDOHP_Ieg,aa1e4790-7ac4-4e53-a86c-59d9568748d4,microsoft/HydraLab,https://github.com/microsoft/HydraLab,2022-04-28T09:18:16Z,967,31,1.3917808219178085
R_kgDOH5AagQ,f6338be9-69f3-4665-95a0-7ab4f8c0ea96,Mahmud0808/Iconify,https://github.com/Mahmud0808/Iconify,2022-08-27T09:19:06Z,966,13,1.0602739726027397
MDEwOlJlcG9zaXRvcnkyODU4OTcwOQ==,1fd4ecbd-23ab-4a5f-acaa-ef76dcee29fa,sakaiproject/sakai,https://github.com/sakaiproject/sakai,2014-12-29T11:14:17Z,962,0,8.726027397260275
MDEwOlJlcG9zaXRvcnkzNDM3MjY1NQ==,4daa702d-8701-45da-9dc4-8f889c65d35a,EspressifApp/EsptouchForAndroid,https://github.com/EspressifApp/EsptouchForAndroid,2015-04-22T06:18:45Z,960,6,8.413698630136986
MDEwOlJlcG9zaXRvcnkxNTY4Mjc4MQ==,2159afc5-39e2-47bc-9e96-22eaf0d3b8b3,sitewhere/sitewhere,https://github.com/sitewhere/sitewhere,2014-01-06T19:23:58Z,958,34,9.704109589041096
MDEwOlJlcG9zaXRvcnkxNDc4MDMzMTc=,8d207405-2246-4cd4-9f10-f36df205f3ce,beehive-lab/TornadoVM,https://github.com/beehive-lab/TornadoVM,2018-09-07T09:37:44Z,954,10,5.032876712328767
MDEwOlJlcG9zaXRvcnkxMDA4NDAyMw==,45a30ba1-bb71-4e02-9dd9-8dcdb853d5ab,playgameservices/android-basic-samples,https://github.com/playgameservices/android-basic-samples,2013-05-15T17:19:49Z,954,0,10.35068493150685
MDEwOlJlcG9zaXRvcnkxMzY5ODQ3ODY=,a2542d5d-505b-4180-ba1b-1d64321f6ad0,pgjdbc/r2dbc-postgresql,https://github.com/pgjdbc/r2dbc-postgresql,2018-06-11T21:50:49Z,953,25,5.273972602739726
MDEwOlJlcG9zaXRvcnkzMzY2MTEyMw==,77f8aa85-e5c2-4b92-a895-0545944016b7,ganfra/MaterialSpinner,https://github.com/ganfra/MaterialSpinner,2015-04-09T09:43:19Z,950,4,8.449315068493151
MDEwOlJlcG9zaXRvcnkzOTU1MzM4Njc=,3aa7fa49-7b1a-4d69-92be-6451a5094510,w2016561536/android_virtual_cam,https://github.com/w2016561536/android_virtual_cam,2021-08-13T05:44:08Z,945,35,2.0986301369863014
MDEwOlJlcG9zaXRvcnk3NjIyMzQw,a1bb7365-4529-404e-810c-3ccc5b67d4a8,chrisbanes/photup,https://github.com/chrisbanes/photup,2013-01-15T09:55:53Z,945,0,10.67945205479452
MDEwOlJlcG9zaXRvcnkxMjkwNzA0,79885c08-666d-4a98-93d7-6b0a1b1c82bc,codebutler/farebot,https://github.com/codebutler/farebot,2011-01-25T07:46:58Z,943,0,12.654794520547943
MDEwOlJlcG9zaXRvcnkyMzk3NDg5,ce1e9406-b189-48b2-8148-39f31d50d082,nathanmarz/storm-starter,https://github.com/nathanmarz/storm-starter,2011-09-16T05:21:34Z,942,0,12.013698630136986
MDEwOlJlcG9zaXRvcnkzMTQyNjI1OA==,45048735-fdb4-4d87-9a10-206d89ae9177,wujingchao/SimpleTagImageView,https://github.com/wujingchao/SimpleTagImageView,2015-02-27T15:42:21Z,941,1,8.561643835616438
MDEwOlJlcG9zaXRvcnk0NzQwMDEzOQ==,e91d678c-8a0f-4643-a2ed-43d23c20bdab,Shinelw/ColorArcProgressBar,https://github.com/Shinelw/ColorArcProgressBar,2015-12-04T11:30:32Z,938,0,7.794520547945205
MDEwOlJlcG9zaXRvcnkzMTIxNDg2Nw==,57f5e770-d550-4504-a488-6a03798fd923,microcks/microcks,https://github.com/microcks/microcks,2015-02-23T15:46:09Z,936,0,8.572602739726028
MDEwOlJlcG9zaXRvcnkxNzgwMDI3MjM=,b2b50c75-bedc-443f-95d8-cde481b3d7ec,warmuuh/milkman,https://github.com/warmuuh/milkman,2019-03-27T13:42:47Z,933,39,4.482191780821918
MDEwOlJlcG9zaXRvcnk5ODcwOTEzNA==,859b3e28-2241-4ea2-a753-2ca56470830b,eventuate-tram/eventuate-tram-core,https://github.com/eventuate-tram/eventuate-tram-core,2017-07-29T04:50:55Z,930,0,6.142465753424657
MDEwOlJlcG9zaXRvcnkxMzg0MTY3NzU=,27be1c2f-c0b3-4ad9-84ee-99a1b7774876,apolloconfig/apollo-use-cases,https://github.com/apolloconfig/apollo-use-cases,2018-06-23T16:27:57Z,929,0,5.241095890410959
MDEwOlJlcG9zaXRvcnk5MTE5MTYz,8dfb2020-5b48-470c-97cc-1b73da7438d0,emilsjolander/android-FlipView,https://github.com/emilsjolander/android-FlipView,2013-03-30T17:16:00Z,928,1,10.476712328767125
MDEwOlJlcG9zaXRvcnkxNDAxNDQ2MjI=,7a112679-9ae2-4f55-8e98-4c0ef011e3f3,wangzheng0822/ratelimiter4j,https://github.com/wangzheng0822/ratelimiter4j,2018-07-08T06:52:19Z,926,0,5.2
MDEwOlJlcG9zaXRvcnk3MDk5MjA5MQ==,445c15ba-0225-4aed-84db-9cc4fb04053d,forezp/banya,https://github.com/forezp/banya,2016-10-15T14:19:56Z,925,0,6.928767123287671
MDEwOlJlcG9zaXRvcnk1NTk5MzYyNA==,1846c734-236d-45fc-81b6-cabd99c1c7d8,google/android-arscblamer,https://github.com/google/android-arscblamer,2016-04-11T17:40:36Z,921,0,7.441095890410959
MDEwOlJlcG9zaXRvcnk5ODczODM2Mw==,21a120b9-bc70-4a37-964b-a1417e3618a2,SimCoderYoutube/UberClone,https://github.com/SimCoderYoutube/UberClone,2017-07-29T14:40:21Z,920,0,6.142465753424657
MDEwOlJlcG9zaXRvcnkxMjQ4Njk1MjM=,e79ac0f6-c364-4a07-9196-5a8cfa7fd176,smarteist/Android-Image-Slider,https://github.com/smarteist/Android-Image-Slider,2018-03-12T10:05:01Z,919,13,5.523287671232877
MDEwOlJlcG9zaXRvcnkxMTY2OTg4MDY=,cfba5906-bfd9-4c5b-bcf5-cddda6b75ca2,secure-software-engineering/FlowDroid,https://github.com/secure-software-engineering/FlowDroid,2018-01-08T16:11:45Z,911,11,5.695890410958904
MDEwOlJlcG9zaXRvcnkyNDA1MzE3Ng==,40d236b8-40f2-4cc4-afaa-407b6cfc214a,Pixplicity/MultiViewPager,https://github.com/Pixplicity/MultiViewPager,2014-09-15T11:02:49Z,911,0,9.013698630136986
MDEwOlJlcG9zaXRvcnkxMjI3ODIwNTk=,c1c92d4b-e511-4834-b6c7-f79128b3cdb4,featurecat/lizzie,https://github.com/featurecat/lizzie,2018-02-24T21:39:00Z,909,6,5.567123287671233
MDEwOlJlcG9zaXRvcnkzNzkxNzUxNQ==,75fdb1d1-2323-4d1f-b821-45e1cc96fbac,chenyangcun/MaterialDesignExample,https://github.com/chenyangcun/MaterialDesignExample,2015-06-23T12:25:54Z,908,0,8.243835616438357
R_kgDOHhKHnQ,2dad21d1-92cb-4856-b6a5-ed2e8a991c91,Aizistral-Studios/No-Chat-Reports,https://github.com/Aizistral-Studios/No-Chat-Reports,2022-06-17T12:43:38Z,907,2,1.2547945205479452
MDEwOlJlcG9zaXRvcnkzNTc5MzU0MQ==,7f7f0890-ba74-4cf1-9ae0-318277b0e852,kaleai/CommonAdapter,https://github.com/kaleai/CommonAdapter,2015-05-18T02:55:00Z,907,15,8.342465753424657
R_kgDOJdkVAQ,3adc5daa-1347-47ce-a094-679d8207a243,linyimin0812/spring-startup-analyzer,https://github.com/linyimin0812/spring-startup-analyzer,2023-05-01T17:45:26Z,906,15,0.3835616438356164
MDEwOlJlcG9zaXRvcnkxNjM5NDQ1MDk=,fd7d7780-fe9a-4ac1-9dae-9cf53088a177,XieZhiFa/IdCardOCR,https://github.com/XieZhiFa/IdCardOCR,2019-01-03T08:27:22Z,905,0,4.7095890410958905
MDEwOlJlcG9zaXRvcnk3NjUzODA2OQ==,3917cd47-50c5-410d-8515-dc51061ed470,BCsl/GalleryLayoutManager,https://github.com/BCsl/GalleryLayoutManager,2016-12-15T08:08:33Z,904,5,6.761643835616439
R_kgDOHDDVdw,c47dbd41-34dd-4c65-bab0-6086f5badb32,lukeaschenbrenner/TxtNet-Browser,https://github.com/lukeaschenbrenner/TxtNet-Browser,2022-03-22T22:50:34Z,903,10,1.4904109589041097
MDEwOlJlcG9zaXRvcnk0MzAwMjA1,6a27d032-5d45-4d3d-8f5b-6ab22ede7997,facebookarchive/nifty,https://github.com/facebookarchive/nifty,2012-05-11T18:20:14Z,899,0,11.36164383561644
MDEwOlJlcG9zaXRvcnk2ODA3MDAyMQ==,6e581dd7-711e-44f2-8779-3c6958a76909,Hitomis/SpinMenu,https://github.com/Hitomis/SpinMenu,2016-09-13T03:15:55Z,898,0,7.016438356164383
MDEwOlJlcG9zaXRvcnk3MjkyMjA0,b7dcc00a-23c6-4c17-ad0d-9d3381cf5d2c,matteobaccan/owner,https://github.com/matteobaccan/owner,2012-12-23T05:38:31Z,896,16,10.742465753424655
MDEwOlJlcG9zaXRvcnkxMTQ2NDk0MzQ=,d06cf90c-40e7-49c6-bf2d-4f31babd39de,NordicSemiconductor/Android-BLE-Library,https://github.com/NordicSemiconductor/Android-BLE-Library,2017-12-18T14:17:43Z,1734,56,5.753424657534247
MDEwOlJlcG9zaXRvcnk4NTI4ODA1Ng==,3612bc19-a82d-4244-be35-247fe09c057a,BakerJQ/Android-InfiniteCards,https://github.com/BakerJQ/Android-InfiniteCards,2017-03-17T08:24:05Z,1734,3,6.50958904109589
MDEwOlJlcG9zaXRvcnk4OTQ3NjE3MA==,82095f2e-0d5d-46a9-aaff-01866cd79f5c,yangchaojiang/ZoomPreviewPicture-,https://github.com/yangchaojiang/ZoomPreviewPicture-,2017-04-26T12:04:11Z,1722,0,6.4
MDEwOlJlcG9zaXRvcnkzOTYwOTM3NA==,7b8089aa-20d9-4456-9a89-b55d25a4dd35,singwhatiwanna/android-art-res,https://github.com/singwhatiwanna/android-art-res,2015-07-24T03:17:48Z,1722,0,8.158904109589042
MDEwOlJlcG9zaXRvcnk0NTM4Nzk2NA==,68287db3-0aeb-489e-8f38-1363e580cda0,hongyangAndroid/AndroidChangeSkin,https://github.com/hongyangAndroid/AndroidChangeSkin,2015-11-02T10:33:14Z,1720,0,7.882191780821918
MDEwOlJlcG9zaXRvcnk0Nzk3MzA4OA==,15f697d5-159b-4270-ba2c-1fbc767d93c1,gchq/Gaffer,https://github.com/gchq/Gaffer,2015-12-14T12:12:39Z,1712,117,7.767123287671233
MDEwOlJlcG9zaXRvcnk0MTkwMzQ0MQ==,f7671456-e954-4c47-b521-07e05a0289d9,Etar-Group/Etar-Calendar,https://github.com/Etar-Group/Etar-Calendar,2015-09-04T07:33:25Z,1708,29,8.043835616438356
MDEwOlJlcG9zaXRvcnkyOTA5Nzg2Mg==,492e5f50-5461-4033-8aa0-c7fbcf168164,FreeTymeKiyan/LeetCode-Sol-Res,https://github.com/FreeTymeKiyan/LeetCode-Sol-Res,2015-01-11T16:29:55Z,1701,0,8.69041095890411
MDEwOlJlcG9zaXRvcnkyMzUwMTM1ODg=,271aa833-cf24-40c0-823c-570ef1ab47a1,in28minutes/devops-master-class,https://github.com/in28minutes/devops-master-class,2020-01-20T03:46:30Z,1695,0,3.663013698630137
MDEwOlJlcG9zaXRvcnk0ODgwODc0Mw==,573ba399-de16-4b30-94c8-f881491fc7ac,whilu/AndroidTagView,https://github.com/whilu/AndroidTagView,2015-12-30T16:13:51Z,1692,13,7.723287671232876
MDEwOlJlcG9zaXRvcnkxMzg3MDg5Mw==,ced21af0-aba2-4ee2-befa-cdb3b9e0644e,linkedin/ambry,https://github.com/linkedin/ambry,2013-10-25T20:04:54Z,1690,112,9.904109589041097
MDEwOlJlcG9zaXRvcnk0OTgwNjQ2Mw==,d292fdd0-5fcb-4aac-956b-c1757fe93f5d,qyxxjd/MultipleStatusView,https://github.com/qyxxjd/MultipleStatusView,2016-01-17T06:48:05Z,1689,5,7.673972602739726
MDEwOlJlcG9zaXRvcnkxMzEyODE3Njc=,519b8eeb-7b4c-4a77-804e-2aa73bebbe2c,JessYanCoding/ArmsComponent,https://github.com/JessYanCoding/ArmsComponent,2018-04-27T10:23:44Z,1688,0,5.397260273972603
MDEwOlJlcG9zaXRvcnkxODY3NjU5NDg=,def72e1a-1ddd-485b-a0c3-754710605289,openjdk/jmh,https://github.com/openjdk/jmh,2019-05-15T06:47:19Z,1680,0,4.347945205479452
MDEwOlJlcG9zaXRvcnkxMTg1MTIzNg==,bbf84cfd-c82d-4c41-8bd9-cb9fd15fbd3c,jchambers/pushy,https://github.com/jchambers/pushy,2013-08-02T19:38:31Z,1677,51,10.134246575342466
MDEwOlJlcG9zaXRvcnk0ODI5NTYyOQ==,e264f330-7d0d-4789-be1b-8e6e5156acc5,opentracing/opentracing-java,https://github.com/opentracing/opentracing-java,2015-12-19T20:07:30Z,1673,4,7.7534246575342465
MDEwOlJlcG9zaXRvcnkyNDMxODA5MA==,dc699eb9-fb6e-4bee-9f28-5f078b030cae,xianrendzw/EasyReport,https://github.com/xianrendzw/EasyReport,2014-09-22T07:07:13Z,1670,4,8.994520547945205
MDEwOlJlcG9zaXRvcnkxNjE2NTEyNTY=,a4550e4e-ef06-4aba-9a53-c3bf7e9bab9d,jellyfin/jellyfin-androidtv,https://github.com/jellyfin/jellyfin-androidtv,2018-12-13T14:33:32Z,1670,66,4.767123287671233
MDEwOlJlcG9zaXRvcnkzMzc3MDY5OQ==,e5d3b4fb-0c6d-4eb6-88c8-de0ee15438d3,primefaces/primefaces,https://github.com/primefaces/primefaces,2015-04-11T09:48:53Z,1658,38,8.443835616438356
MDEwOlJlcG9zaXRvcnkxMzQ3MzMyODI=,6013052e-c7a9-4a16-8e43-6d10bba9b986,spring-projects-experimental/spring-fu,https://github.com/spring-projects-experimental/spring-fu,2018-05-24T15:16:16Z,1653,19,5.323287671232877
MDEwOlJlcG9zaXRvcnk0NTY0NDA1Ng==,93f66e02-2908-4a35-b139-df56dbfb1731,spotify/apollo,https://github.com/spotify/apollo,2015-11-05T22:40:39Z,1650,56,7.871232876712328
MDEwOlJlcG9zaXRvcnk3MTM5NDA3,8dac370d-5afd-4c05-85d8-d14f49b45623,maurycyw/StaggeredGridView,https://github.com/maurycyw/StaggeredGridView,2012-12-12T23:12:15Z,1647,0,10.76986301369863
MDEwOlJlcG9zaXRvcnk3MjM1NTcyMg==,6d812850-9425-4a3a-864f-4c18ef321d03,ImmortalZ/TransitionHelper,https://github.com/ImmortalZ/TransitionHelper,2016-10-30T14:53:50Z,1641,0,6.887671232876713
MDEwOlJlcG9zaXRvcnk3MDQ5MTA1Mw==,ba27047b-9a65-4f3b-8f17-1ce6bf599f93,OpenVidu/openvidu,https://github.com/OpenVidu/openvidu,2016-10-10T13:31:27Z,1639,42,6.942465753424657
MDEwOlJlcG9zaXRvcnkyNDA3MTU5Ng==,554f81f1-d133-4507-a7be-1e5d4581c0dc,traex/ExpandableLayout,https://github.com/traex/ExpandableLayout,2014-09-15T19:59:54Z,1638,0,9.013698630136986
MDEwOlJlcG9zaXRvcnk3MTMwNTQzNQ==,b849745c-9bab-4250-9e64-86d33aa8437f,VertaAI/modeldb,https://github.com/VertaAI/modeldb,2016-10-19T01:07:26Z,1636,2,6.917808219178082
MDEwOlJlcG9zaXRvcnk3NzA3NDQ5OQ==,9c8e0194-e015-4818-8f81-793c7d1ef48c,mancj/SlideUp-Android,https://github.com/mancj/SlideUp-Android,2016-12-21T17:58:39Z,1634,12,6.745205479452054
MDEwOlJlcG9zaXRvcnkxOTgzMDky,a615063d-8b3c-4969-8e54-88f7ca4b5569,spring-projects/spring-data-redis,https://github.com/spring-projects/spring-data-redis,2011-07-01T11:57:33Z,1632,102,12.224657534246576
MDEwOlJlcG9zaXRvcnk4MTY3ODA0Mg==,9a58b579-cc15-4a93-93d3-ded7ad48b461,athkalia/Just-Another-Android-App,https://github.com/athkalia/Just-Another-Android-App,2017-02-11T19:51:07Z,1625,0,6.602739726027397
MDEwOlJlcG9zaXRvcnkxMjkyNDUwMA==,d500bf7b-2088-4c52-8e4e-4da226bc8acf,daimajia/AnimeTaste,https://github.com/daimajia/AnimeTaste,2013-09-18T13:55:47Z,1621,5,10.005479452054796
R_kgDOGFzIZA,e57f78d9-6497-4a5e-b9c0-4f6ccee3d483,CatVodTVOfficial/CatVodTVSpider,https://github.com/CatVodTVOfficial/CatVodTVSpider,2021-09-21T07:55:35Z,1619,0,1.991780821917808
MDEwOlJlcG9zaXRvcnkyNTgzMzEyOQ==,993354ed-d7b9-4ef5-bfe8-025da81847cf,kanytu/android-parallax-recyclerview,https://github.com/kanytu/android-parallax-recyclerview,2014-10-27T18:31:43Z,1618,6,8.898630136986302
MDEwOlJlcG9zaXRvcnk5Njc3NTkz,bdce245a-e6ff-4ad4-85c3-73a26c27c34c,MorphiaOrg/morphia,https://github.com/MorphiaOrg/morphia,2013-04-25T17:41:02Z,1611,72,10.405479452054797
MDEwOlJlcG9zaXRvcnkxNDA2ODA2MQ==,16520c48-8fdc-404c-95a8-24cbae2a7ba3,MostafaGazar/CustomShapeImageView,https://github.com/MostafaGazar/CustomShapeImageView,2013-11-02T15:08:22Z,1610,3,9.882191780821918
MDEwOlJlcG9zaXRvcnkyNTI4ODM1Nzg=,826e9cad-a6bc-454c-8faf-ed3f91dbfe89,LianjiaTech/retrofit-spring-boot-starter,https://github.com/LianjiaTech/retrofit-spring-boot-starter,2020-04-04T01:44:57Z,1607,56,3.4575342465753423
MDEwOlJlcG9zaXRvcnk4NTgyNzQ5NQ==,f1633d3f-2247-47ff-ac99-185e60d415cb,donkingliang/GroupedRecyclerViewAdapter,https://github.com/donkingliang/GroupedRecyclerViewAdapter,2017-03-22T12:55:01Z,1603,21,6.495890410958904
MDEwOlJlcG9zaXRvcnk4NTkzMDMyMQ==,da2a2259-b7ef-4124-b43f-5802276be6fd,jenly1314/KingTV,https://github.com/jenly1314/KingTV,2017-03-23T09:21:11Z,1601,4,6.493150684931507
MDEwOlJlcG9zaXRvcnk1MTI4MzE4MQ==,2707fe4a-4b2b-4c6f-87af-ce1999b929bb,asLody/legend,https://github.com/asLody/legend,2016-02-08T06:50:27Z,1591,0,7.613698630136986
MDEwOlJlcG9zaXRvcnk0NDM2Njg0Mg==,5c6be3ad-fb46-478c-85bb-fa3f3619ddfb,morenoh149/react-native-contacts,https://github.com/morenoh149/react-native-contacts,2015-10-16T06:35:30Z,1590,45,7.928767123287671
MDEwOlJlcG9zaXRvcnkxNDUwODM2NTM=,bc11def4-a96f-433e-bf19-f8a2e4325ba8,getActivity/TitleBar,https://github.com/getActivity/TitleBar,2018-08-17T06:54:04Z,1590,26,5.090410958904109
MDEwOlJlcG9zaXRvcnk0MTcyNjU2OQ==,f9ac6b27-ab6c-4a0f-bdca-ce1bf95f7329,gelitenight/WaveView,https://github.com/gelitenight/WaveView,2015-09-01T08:29:03Z,1588,0,8.052054794520547
MDEwOlJlcG9zaXRvcnkzMTM0NTUx,477bde2a-f955-4b3e-9970-fb482af49aad,MiCode/FileExplorer,https://github.com/MiCode/FileExplorer,2012-01-09T06:39:21Z,1585,0,11.6986301369863
MDEwOlJlcG9zaXRvcnkyNTk3ODAzNjE=,9b999ea0-ef05-4466-a313-ae600603c6cc,Xunzhuo/Algorithm-Guide,https://github.com/Xunzhuo/Algorithm-Guide,2020-04-29T00:04:11Z,1584,1,3.389041095890411
MDEwOlJlcG9zaXRvcnk3NjcyMDk5,6ec37add-daa4-480e-95bf-00c69a8189ac,square/assertj-android,https://github.com/square/assertj-android,2013-01-17T18:51:30Z,1583,1,10.673972602739726
MDEwOlJlcG9zaXRvcnkxNTY1MDk1NzY=,e5ce797e-7dca-4f9c-b823-6bb91f77e942,cachecats/coderiver,https://github.com/cachecats/coderiver,2018-11-07T07:51:02Z,1576,0,4.865753424657535
MDEwOlJlcG9zaXRvcnk1OTY1OTI1Nw==,67ad4eed-f1da-4fad-a296-4d71f603f5a6,dodola/RocooFix,https://github.com/dodola/RocooFix,2016-05-25T11:58:00Z,1575,0,7.32054794520548
MDEwOlJlcG9zaXRvcnkzNDUzMzY3NQ==,52703690-3d81-4dc3-bac4-ea7e9a269570,apache/sedona,https://github.com/apache/sedona,2015-04-24T18:01:29Z,1571,65,8.408219178082192
MDEwOlJlcG9zaXRvcnk4NjM5ODU1Mw==,f3dff21d-233a-4ef6-8971-1ee0dc772b68,rhwayfun/spring-boot-learning-examples,https://github.com/rhwayfun/spring-boot-learning-examples,2017-03-28T00:50:20Z,1564,2,6.47945205479452
MDEwOlJlcG9zaXRvcnkxNjk5MzM4OTE=,16173964-cbb3-42a4-9e13-74c6a437e67e,developersu/ns-usbloader,https://github.com/developersu/ns-usbloader,2019-02-10T01:57:09Z,1562,36,4.605479452054794
MDEwOlJlcG9zaXRvcnk1OTM4ODMzNQ==,b833a4dc-2f3c-4ebe-a258-a5dc348d1320,LuckPerms/LuckPerms,https://github.com/LuckPerms/LuckPerms,2016-05-22T00:49:12Z,1807,0,7.328767123287672
MDEwOlJlcG9zaXRvcnkxODQ4ODcxNzI=,4e399bf1-5064-4cb1-94c7-a88db28e562e,srikanth-lingala/zip4j,https://github.com/srikanth-lingala/zip4j,2019-05-04T11:39:50Z,1806,39,4.3780821917808215
MDEwOlJlcG9zaXRvcnkxMjM5NjY1OTY=,2035028a-022e-4c33-a0b9-dec4f15ca73c,react-native-community/react-native-template-typescript,https://github.com/react-native-community/react-native-template-typescript,2018-03-05T19:15:51Z,1804,95,5.542465753424658
MDEwOlJlcG9zaXRvcnk3NjAyNzAyOQ==,5acfbed0-2cc6-4c72-bafd-c66441dd002a,lygttpod/AndroidCustomView,https://github.com/lygttpod/AndroidCustomView,2016-12-09T10:43:45Z,1803,0,6.778082191780822
MDEwOlJlcG9zaXRvcnkxNzM4MDcyNDk=,28686217-ce1c-4cf4-ae71-8052f82f468f,mc1arke/sonarqube-community-branch-plugin,https://github.com/mc1arke/sonarqube-community-branch-plugin,2019-03-04T19:24:36Z,1801,23,4.545205479452055
MDEwOlJlcG9zaXRvcnkxNTI2MDA5,57907dc2-88de-4aa6-b907-16ccc6074247,JorenSix/TarsosDSP,https://github.com/JorenSix/TarsosDSP,2011-03-25T15:34:28Z,1799,0,12.493150684931509
MDEwOlJlcG9zaXRvcnkxNjY3ODk2MA==,1d4a87a7-3699-4643-bd69-6b90b1772268,RichardWarburton/java-8-lambdas-exercises,https://github.com/RichardWarburton/java-8-lambdas-exercises,2014-02-09T23:40:54Z,1799,0,9.608219178082193
MDEwOlJlcG9zaXRvcnk1ODA4NTQw,295b0bf4-2abf-4d88-9ca8-0158c16e1832,videlalvaro/gifsockets,https://github.com/videlalvaro/gifsockets,2012-09-14T11:39:00Z,1797,0,11.016438356164384
MDEwOlJlcG9zaXRvcnkyNzc0MTE4MA==,bb004996-a9a0-4715-8249-b0d4d458a448,signalapp/libsignal-protocol-java,https://github.com/signalapp/libsignal-protocol-java,2014-12-08T23:57:36Z,1797,0,8.780821917808218
MDEwOlJlcG9zaXRvcnkxOTc1MzE5NQ==,b5dc0759-c6d4-4db9-aae1-d1bb61fb8891,openhab/openhab-addons,https://github.com/openhab/openhab-addons,2014-05-13T19:41:58Z,1796,4,9.356164383561644
MDEwOlJlcG9zaXRvcnk1OTA3ODA4Nw==,45a46277-1f05-43af-b1f2-739800f63bbc,googlearchive/firebase-jobdispatcher-android,https://github.com/googlearchive/firebase-jobdispatcher-android,2016-05-18T03:15:58Z,1795,12,7.33972602739726
MDEwOlJlcG9zaXRvcnk0NzA5MzMw,661376b4-630d-4d14-8acc-e8af41ce077c,naver/ngrinder,https://github.com/naver/ngrinder,2012-06-19T04:14:15Z,1794,16,11.254794520547945
MDEwOlJlcG9zaXRvcnkxNzE0NTMw,622b85d3-ca56-4d7c-9f11-62c87c04bc21,pakerfeldt/android-viewflow,https://github.com/pakerfeldt/android-viewflow,2011-05-07T06:09:24Z,1792,0,12.375342465753423
MDEwOlJlcG9zaXRvcnk1MTUyOTM5Ng==,13702b9f-6a58-42b0-aaa2-cd21dc26f178,franmontiel/PersistentCookieJar,https://github.com/franmontiel/PersistentCookieJar,2016-02-11T16:48:19Z,1792,0,7.605479452054794
MDEwOlJlcG9zaXRvcnkxODEyODU0OA==,6478e4ce-b810-46ca-9023-966a9ceab3e8,fabric8io/docker-maven-plugin,https://github.com/fabric8io/docker-maven-plugin,2014-03-26T06:10:05Z,1790,25,9.487671232876712
MDEwOlJlcG9zaXRvcnkxNDkzMzU5,b7bc9e13-043b-413a-8cc6-a939e1636591,indy256/codelibrary,https://github.com/indy256/codelibrary,2011-03-17T20:38:29Z,1785,0,12.515068493150684
MDEwOlJlcG9zaXRvcnkxNTc1OTU2,842b2248-1b67-4c78-80b0-416817797bd6,apache/bookkeeper,https://github.com/apache/bookkeeper,2011-04-06T07:00:07Z,1785,15,12.46027397260274
MDEwOlJlcG9zaXRvcnkyMTU5MTIyNg==,04f9bc2f-95fa-43d9-be7e-c9a44b487bd9,medyo/Fancybuttons,https://github.com/medyo/Fancybuttons,2014-07-08T00:00:48Z,1783,11,9.202739726027398
MDEwOlJlcG9zaXRvcnkzOTQwMDc1NA==,56c689b7-a721-487f-8fe3-382a1ef625e9,tuesda/CircleRefreshLayout,https://github.com/tuesda/CircleRefreshLayout,2015-07-20T18:19:49Z,1782,0,8.169863013698631
MDEwOlJlcG9zaXRvcnk0MDE4OTczOQ==,6c142095-fc1d-4ddd-800b-7f81419d518a,Q42/AndroidScrollingImageView,https://github.com/Q42/AndroidScrollingImageView,2015-08-04T14:31:14Z,1779,8,8.128767123287671
MDEwOlJlcG9zaXRvcnk2MjEyMzYwNA==,8e2a1646-acd2-4dcf-9a59-547ee6c458e1,stepstone-tech/android-material-stepper,https://github.com/stepstone-tech/android-material-stepper,2016-06-28T08:27:15Z,1778,23,7.227397260273973
MDEwOlJlcG9zaXRvcnkzODczNDMwMQ==,7236d180-855a-444d-84b3-3bff0fd07601,JakeWharton/ProcessPhoenix,https://github.com/JakeWharton/ProcessPhoenix,2015-07-08T05:39:28Z,1776,0,8.202739726027398
MDEwOlJlcG9zaXRvcnk0MzIzOTU2Mw==,73194272-75ff-4106-8bc6-ad1a57a1acc7,henrytao-me/smooth-app-bar-layout,https://github.com/henrytao-me/smooth-app-bar-layout,2015-09-27T08:25:23Z,1776,0,7.980821917808219
MDEwOlJlcG9zaXRvcnkxNTkyODA5ODQ=,c22a0971-205a-478f-9741-0208631bd283,stevenhalim/cpbook-code,https://github.com/stevenhalim/cpbook-code,2018-11-27T05:30:10Z,1772,0,4.810958904109589
MDEwOlJlcG9zaXRvcnk1NzkyMjUy,5870b17e-66e7-452b-a48c-aae047753a70,freeplane/freeplane,https://github.com/freeplane/freeplane,2012-09-13T08:55:51Z,1772,1,11.01917808219178
MDEwOlJlcG9zaXRvcnkyNjE4MTI3OA==,71b1b595-6aae-4871-bc32-baae84533ccd,googleapis/google-cloud-java,https://github.com/googleapis/google-cloud-java,2014-11-04T17:57:16Z,1771,450,8.876712328767123
MDEwOlJlcG9zaXRvcnk0MzUyNjMyNg==,16024fd6-1c1f-4361-b44e-8c90c0209af3,Haptic-Apps/Slide,https://github.com/Haptic-Apps/Slide,2015-10-01T23:21:26Z,1769,25,7.967123287671233
MDEwOlJlcG9zaXRvcnk2MDIzNTE=,979d22df-f838-4df7-a92d-39fe99cff6c8,kilim/kilim,https://github.com/kilim/kilim,2010-04-09T12:02:18Z,1768,0,13.452054794520548
MDEwOlJlcG9zaXRvcnkxNzg1MjM4NQ==,7f11046d-dc32-457f-b2cb-d2e140756216,ysc/word,https://github.com/ysc/word,2014-03-18T03:22:55Z,1767,0,9.509589041095891
MDEwOlJlcG9zaXRvcnk3NDA0NzQ2NA==,7046581e-a512-4793-beaa-dd87bd67ba67,codeestX/ENViews,https://github.com/codeestX/ENViews,2016-11-17T16:48:20Z,1767,4,6.838356164383562
MDEwOlJlcG9zaXRvcnkxOTI1NDU3,58f5d102-f34b-491c-a7be-f5a8ab381d98,mendhak/gpslogger,https://github.com/mendhak/gpslogger,2011-06-20T19:49:42Z,1761,97,12.254794520547945
MDEwOlJlcG9zaXRvcnkzMDYyODg1OQ==,fd931aea-2d6d-432a-89b1-60363210737f,waylau/netty-4-user-guide-demos,https://github.com/waylau/netty-4-user-guide-demos,2015-02-11T03:33:47Z,1751,1,8.605479452054794
MDEwOlJlcG9zaXRvcnkyMDU5OTE3Njc=,46195bb1-3753-4f0a-939d-b287ed1fa9a3,Jstarfish/JavaKeeper,https://github.com/Jstarfish/JavaKeeper,2019-09-03T04:54:05Z,1750,0,4.043835616438356
MDEwOlJlcG9zaXRvcnk1MjAzOTY0MA==,da425cc3-35a5-48d8-815b-d040dfc3b753,heinrichreimer/material-intro,https://github.com/heinrichreimer/material-intro,2016-02-18T21:20:47Z,1743,19,7.586301369863014
MDEwOlJlcG9zaXRvcnk2NTIxMTU5NA==,b0558e18-eb5d-4705-89d6-a18c5bec6c7e,leochuan/ViewPagerLayoutManager,https://github.com/leochuan/ViewPagerLayoutManager,2016-08-08T14:34:56Z,1740,22,7.115068493150685
MDEwOlJlcG9zaXRvcnk0NzkzMDUyNg==,403387ad-4f81-4737-9813-fdabfc9d4c39,beefe/react-native-picker,https://github.com/beefe/react-native-picker,2015-12-13T18:11:28Z,1739,6,7.76986301369863
MDEwOlJlcG9zaXRvcnkxODIwMjYxMDU=,2992c5e2-f951-4e0f-bb47-64103641ad63,openjdk/loom,https://github.com/openjdk/loom,2019-04-18T06:05:24Z,1737,0,4.421917808219178
MDEwOlJlcG9zaXRvcnkxMTI3NzAxMTg=,95572f29-68e3-45d3-a267-9c09c59225e9,Qihoo360/XLearning,https://github.com/Qihoo360/XLearning,2017-12-01T17:53:38Z,1736,4,5.8
MDEwOlJlcG9zaXRvcnkxMzQ2NTE3NTA=,e4b17b70-2bb8-477f-8821-cfdf0f71bebd,Simon-Leeeeeeeee/SLWidget,https://github.com/Simon-Leeeeeeeee/SLWidget,2018-05-24T02:42:58Z,385,0,5.323287671232877
MDEwOlJlcG9zaXRvcnkzNDk1MTcyOQ==,0c277120-819b-44e4-a7fa-24ea668007b0,blundell/QuickSand,https://github.com/blundell/QuickSand,2015-05-02T14:58:17Z,385,2,8.386301369863014
MDEwOlJlcG9zaXRvcnkyMDIyOTMwOA==,d12b84ed-5b01-44dc-a3a4-fedd6a223bda,tuenti/SmsRadar,https://github.com/tuenti/SmsRadar,2014-05-27T17:44:51Z,384,0,9.31780821917808
MDEwOlJlcG9zaXRvcnk5MzU4NTA2Nw==,5107c7f0-803d-4bf8-8cbe-d95c75baab3a,AnoyiX/spring-security-demos,https://github.com/AnoyiX/spring-security-demos,2017-06-07T02:45:15Z,382,0,6.284931506849315
MDEwOlJlcG9zaXRvcnkxNTI3MTQ3MDM=,fcc43a60-18bb-45bd-a191-d20c885c0bca,18702953620/DouDemo,https://github.com/18702953620/DouDemo,2018-10-12T07:57:57Z,382,0,4.936986301369863
MDEwOlJlcG9zaXRvcnk0MDMxNzIxOQ==,9876b1ce-c9b5-4d79-b1b5-6c526e3dfb46,Pivotal-Open-Source-Hub/StockInference-Spark,https://github.com/Pivotal-Open-Source-Hub/StockInference-Spark,2015-08-06T17:10:17Z,381,0,8.123287671232877
MDEwOlJlcG9zaXRvcnk0MDk1Mzc1MQ==,46e6efee-0703-4db7-88b1-5f2f6eafe587,hanks-zyh/500px-guideview,https://github.com/hanks-zyh/500px-guideview,2015-08-18T06:01:23Z,381,0,8.09041095890411
MDEwOlJlcG9zaXRvcnk5NjA5NjA4Nw==,59182c2e-261a-4a66-a3d0-cbfd53e383e8,AliwareMQ/aliware-kafka-demos,https://github.com/AliwareMQ/aliware-kafka-demos,2017-07-03T09:48:00Z,380,0,6.213698630136986
MDEwOlJlcG9zaXRvcnk4NzE3OTkyNg==,20558667-36a6-4f00-9da6-6dddcb2faa47,YiiGuxing/CompositionAvatar,https://github.com/YiiGuxing/CompositionAvatar,2017-04-04T11:44:28Z,379,5,6.46027397260274
